,Song,Movie,Singers,Musicians,Lyricists,Year,Lyrics
0,Machli Jal Ki Rani Hai,Santa Banta Pvt Ltd,"Sonu Nigam, Vikas Bhalla",Jaidev Kumar,Kumaar, ,"Machli jal ki rani hai Jivan uska pani hai Hath lagaoge to dar jaayegi Baahar nikaloge to mar jaayegi Machli machli.. Jaal bicha ke, scheme laga ke Jaal bicha ke, scheme laga ke Hamne roz fansani hai Old nahin bas fresh piece pe Old nahin bas fresh piece pe Hamne nazar tikani hai Machli jal ki rani hai Aji daru ke sang khaani hai x (2) Machli machli.. Daru.. daru.. Pani ni ni pani ni ni pani pani ni ni Pani mein soda, sode mein pani, pani soda x (4) Hum habbit ke rangin Apni to yehi routine Murga shurga hum nahin khate Machli ke shaukeen Haye machli ke do nain Kar dete hain bechain Arre machli ke hi sang bante hain Apne saare plan Baat humari samjh rahi hai Baat humari samjh rahi hai Duniya badi sayani hai Machli jal ki rani hai Aji daru ke sang khaani hai x (2) Machli machli.. Daru.. daru.. Machli jal ki machli machli x (2) Machli jal ki rani hai Aji daru ke sang khaani hai x (2) Daru ke sang khaani hai Aji daru ke sang khaani hai Aji daru daru daru daru Daru ke sang khaani hai"
1,Sab Tera,Baaghi,"Armaan Malik, Shraddha Kapoor",Amaal Mallik,Sanjeev Chaturvedi, ,Na jiya zindagi ek pal bhi Tujhse hoke juda sun zara Bin tere mujhse naraz tha dil Tu mila hai to hai keh raha Main to tere rang me rang chuka hu Bas tera ban chuka hu Mera mujhme kuchh nahin Sab tera Main to tere dhang me dhal chuki hu Bas teri bann chuki hu Mera mujhme kuch nahin Sab tera x (4) Phir dil ke raston pe Teri aahat jo hui Har dhadkan jashn me hai Inayat jo hui Phir dil ke raston pe Teri aahat jo hui Har dhadkan jashn me hai Inayat jo hui Main to tujhe milke jee uthi hu Teri dhadkan me chhupi hu Mera mujhme kuch nahin Sab tera x (3)
2,Pee Daala Maine,Club Dancer,"Sunidhi Chauhan, Varinder Vizz",Varinder Vizz,Paramjeet Singh Saajan, ,"Ik sip, ik sip karte karte Pee gaya peg Patiala Ek peg ne isko dekho Deewana kar dala Arre dhanno kyaa kar dala Come on people at the party Get on and move that body Get groove it, get nasty Take a sip just gone crazy Ik sip, ik sip karte karte Pee gaya peg Patiala Ek peg ne mujhko yaaron Deewana kar dala Hye hoye! Darling ke ek ishare se Tu ghat ghat pee gaya mhare se x (2) Pee dala, maine pee dala Maine pee dala, haaye.. Peg Patiala pee dala Maine peg Patiala Peg Patiala pee dala Aaye haye haye Jism mere ki garmi se Haye khud ko zara sambhalo Ang-ang hai mera bohat nasheela Paimane par dalo Mehfil mein kahin behak na jaoon Mujhko gale lgao Mere do nainon ke pyale Madhosh tujhe kar dalein x (2) Kar dala, mera kar dala Mera chhalni seena kar dala Pee dala, maine pee dala Maine pee dala You are my one desire Get up and do the twist C’mon c’mon and with this Current lage hai tann mann mein Haye pyar se jab tu chhoota hai Dekh ke meri angdaai Tujhe tension kyun re hota hai Ho deewana jab koyi hota hai Chain wain sb khota hai Main bhi hoon teri saudaai Tujhko yeh samjh kyun na aayi x (2) Bhar dala, maine bhar dala Maine prem pyala bhar dala Peg Patiala pee dala Maine peg Patiala Peg Patiala pee dala Toone peg Patiala Peg Patiala pee dala Maine peg Patiala Peg Patiala pee dala Oye chakk de phatte"
3,Single Chal Riya Hai,Cute Kameena,Mohit Chauhan,Krsna Solo,Raj Shekhar, ,"Tere khayalon mein ab Har din dhal riya hai Aaj-kal dil mera waise Single chal riya hai x (2) Pichhli February hum to the ajnabi Kuchh to hogi vajah mile jo hum sahi Lambi si saans bhar ke Aakhein kuchh moond kar ke Socta hoon tumse poochh loon ya nahin Kya? Teri palkon mein bhi wo Sapna pal riya hai Aaj-kal dil mera waise Single chal riya hai Shaayar ik mere shehar ka Yoon shagufe chhodta hai Ishq ke naghmon ke tuk bhi Ba-mashaqat jodta hai x (2) Yahan to khud-ba-khud hi Dekho kaafiya kaise mil riya hai haye Ta ra ra tara tara Paari papa paari pe Tara ra ta tara tara Single chal riya hai Malwa ke aasmaan pe Kisne ki phulkaariyan yeh De gaya koi choom kar ke jaise Umra bhar ki khumaariyan yeh x (2) Ab har taraf hawa ka maano Seb phal riya hai Tu hai ab bhi akeli Humko khal riya hai Aaj-kal dil mera waise Single chal riya hai Tere khayalon mein ab Har din dhal riya hai Aaj-kal dil mera waise Single chal riya hai Single chal riya hai x (4) Na na na.. Single chal riya hai Dil mera, dil mera Single chal riya hai"
4,Mama Miya,Club Dancer,Sunidhi Chauhan,Sunjoy Basu,Diksha Jyoti, ,"Mama miya, mama miya Mama miya, mama miyan You know my name is Priya Mama miya, mama miya Mama miya, mama miyan You know my name is Priya Chhup chhup ke kyon dekhe mujhe Aakhon se aakhein mila Mama miya, mama miya Mama miya, mama miyan You know my name is Priya Mama miya, mama miya Mama miya, mama miyan You know my name is Priya Lutt jaati hain mit jaati hai Duniya meri aah mein Parwah nahi karti hun main Chaahe tu kucch bhi kahe Masha-allah meri adda You know my name is Priya Mama miya, mama miya Mama miya, mama miyan You know my name is Priya"
5,Awargi,Love Games,"Sangeet Haldipur, Rasika Shekar","Sangeet Haldipur, Siddharth Haldipur",Kausar Munir, ,"Awargi se dil bhar gaya Teri galli mein rehne laga Jaise kabhi bhi kee na kisi ki Teri fiqar mein rehne laga Tere ansoo piyun main Kabhi tujhko hansaoon Tujhe door se dekhoon Kabhi dil mein basaoon Tere khatir jiyoon main Kabhi tujhpe lutaoon Yeh jaan meri jaan hai tu Tere khuda se maangun main kya Mujhko duayein aati nahin Tujhse mohabbat kaise karoon main Mujhko wafaayein aati nahin Tujhe dekh ke lekin Yeh dil dagamgaaye Mujhe meri nazar mein Tu mujhko uthaaye Mera imaan meri jaan hai tu Bas tu, hai tu"
6,Saathi Rey,Kapoor and Sons,Arko Pravo Mukherjee,Arko Pravo Mukherjee,Manoj Muntashir, ,"Saathi rey thoda thehar ja Abhi raste kuchh badal se jayenge Oh saathi rey thoda thehar ja Yeh paaon bhi ab sambhal se jayenge Phir wahi barsat hogi Aur ashq saare dhul se jayenge Roshini din raat hogi Aur sab jharoke khul se jayenge Yaara tu hi to bandagi hai Yaara tu hi dua Yaara kaisi yeh berukhi hai Kyu juda tu hua Kehna tha aur kya kya mujhe Neend kyu aa gayi phir tujhe Saathi re thoda sa thehar ja Abhi mausamo ka badalna baaqi hai Oh saathi rey thoda thehar ja Kuchh door saath chalna baaqi hai Phir unhin raston pe Tere mere kadmon ka milna baaqi hai Dard mein, ranjisho mein Sang bujhna aur jalna baaqi hai Yaara tu hi to bandagi hai Yaara tu hi dua Yaara kaisi yeh berukhi hai Kyu juda tu hua x (2) Haan tere aur meri darmiyan Ab bhi baaqi hai ik daastan"
7,Let’s Nacho,Kapoor and Sons,"Badshah, Benny Dayal","Benny Dayal, Nucleya","Kumaar, Christopher Pradeep", ,"Hone laga sunset hai Bhaai tera full set hai Motion bhi dekho mera ban-ne laga Dekho to haseena ko Wanna be Kareena ko Thumkon ko fever hai chadhne laga Thoda hard sa hoke Thoda gentle sa hoke Thoda senti sa hoke Thoda mental sa hoke Sare, sare.. Let’s nacho, chalo nacho Everybody let’s nacho Chalo nacho, chalo nacho! Meow! Kar dance full, romance full Kar dance full, oh baat sun le x (2) Ho nacho, ho nacho, ho nacho Everybody let’s nacho Chadha hai bukhar Party karni lagaatar Mere yaar din char Zindagi ke tu jeele Ho jao taiyyar Yeh gaana hai on repeat Dekho bajjti hai beat Na pado tum dheele Bakwaas bhula ke koyi step sa bana ke Hath upar uthaa ke poori jaan laga ke Sare, sare, sare, sare, sare Let’s nacho Everybody let’s naacho Ho nacho, ho nacho, ho nacho Everybody let’s nacho"
8,Dheere Dheere,Jai Gangaajal,Pravesh Mallick,Salim-Sulaiman,Manoj Muntashir, ,"Dheere dheere dheere dheere Dheere dheere dheere dheere x (2) Angiya pehna do saiyyan dheere dheere Dheere dheere dheere dheere Dheere dheere dheere dheere Chunri odha do saiyyan dheere dheere Dheere dheere dheere dheere Dheere dheere dheere dheere Angiya pehna do saiyyan dheere dheere Dheere dheere Chunri odha do saiyyan dheere dheere Dheere dheere Hamri jawani jaise Laila ki kahani Na tu karo manmaani Band karo kheencha taani Jawani, kahani, manmaani, kheencha taani Haye chatni chata do saiyyan dheere dheere Chatni chata do saiyyan dheere dheere Haye angiya pehna do saiyyan dheere dheere Ho chunri odha do saiyyan dheere dheere Dheere dheere dheere dheere Dheere dheere dheere dheere Darji se roj mori jung hoyi jaave Aaj sile choli kal tang hoyi jaave Tang hoyi jaave x (2) Hey dada re Hey gadar macha do saiyyan dheere dheere Dheere dheere Gadar macha do saiyyan dheere dheere Dheere dheere Hey hamri jawani jaise Laila ki kahani Na tu karo manmaani Band karo kheencha taani Jawani, kahani, manmaani, kheencha taani Ae chatni chata do saiyyan dheere dheere Haye chatni chata do saiyyan dheere dheere Haye angiya pehna do saiyyan dheere dheere Ho chunri odha do saiyyan dheere dheere Dheere dheere dheere dheere Dheere dheere dheere dheere Joban chiraiya sun kuhu kuhu bole Bin tore pinjra piya ko na khole Piya ko na khole x (2) Aye chimni Haye chimni bujha do saiyyan dheere dheere Dheere dheere Haye chimni bujha do saiyyan dheere dheere Dheere dheere Hamri jawani jaise Laila ki kahani Na tu karo manmaani Band karo kheencha taani Jawani, kahani, manmaani, kheencha taani Haye chatni chata do saiyyan dheere dheere Haye chatni chata do saiyyan dheere dheere Ho angiya pehna do saiyyan dheere dheere Ho chunri odha do saiyyan dheere dheere Dheere dheere dheere dheere Dheere dheere dheere dheere"
9,Joganiya,Jai Gangaajal,Udit Narayan,Salim-Sulaiman,Manoj Muntashir, ,"Naar aisi nakhreeli Jaise geeli geeli teeli Jale bujhe yeh raseeli din rain Kaisa meetha yeh zehar, zehar Yeh to usse hi khabar, khabar Jise dasse le yeh kaare, kaare nain Pahin ke dus tole ka haar Chadha ke kurti kalgidaar Pahin ke dus tole ka haar Chadha ke kurti kalgidaar Macha chau tarfa hahakaar Joganiya, joganiya Joganiya naache beech bazaar x (8) Joganiya oho, joganiya aaho, joganiya x (2) Hey ghazab jawani daiya daiya Jiya ho raani daiya daiya Arre ghazab jawani daiya daiya Jiya ho raani daiya daiya Roop ne kaisa rog lagaya Roop ne kaisa rog lagaya Saara gaanv phire bauraya Saara gaanv phire bauraya Sipahiya chaahe rach ke pyar Gujariaya maange bees hajaar Sipahiya chaahe rach ke pyar Gujariaya maange bees hajaar Macha chau tarfa hahakaar Joganiya, joganiya Joganiya naache beech bazaar x (16) Joganiya, joganiya"
10,Sab Dhan Maati,Jai Gangaajal,Arijit Singh,Salim-Sulaiman,Manoj Muntashir, ,"Madd maya mein lutta re kabeera ho Madd maya mein luta re kabeera Kanch ko samjha kanchan heera Jhar gaye sapne paati paati Aankh khule to sab dhan maati Aankh khule to sab dhan maati Sapne hain laal jawan har tole Sapne hain laal jawan har tole Heere manik moti hi raule Mehal dumehle, ghode, hathi Aankh khule to sab dhan maati Aankh khule to sab dhan maati Khul gayi jehi din Karam gathariya haan HO khul gayi jehi din karam gathariya Dhoo dhoo bar gayi sapan nagariya Koyla hoi gayi saari chaandi Aankh khule to sab dhan maati Aankh khule to sab dhan maati"
11,Ji Huzoori,Ki and Ka,"Mithoon, Deepali",Mithoon,Sayeed Quadri, ,Meri har khushi mein ho teri khushi Mohabbat mein aisa zaruri nahin Tu jab milna chaahe na mil saku Na milna mera koyi doori nahin Mohabbat hai yeh ji huzoori nahi x (6) Meri har khushi mein ho teri khushi Mohabbat mein aisa zaruri nahin x (2) Tu jab milna chaahe na mil saku Na milna mera koyi doori nahin Jee haan Mohabbat hai yeh ji huzoori nahin x (4) Mujhko ehsas hai par main kehta nahin Mohabbat hai yeh ji huzuri nahin Paas pehle ke jitna main rehta nahi Mohabbat hai yeh ji hazoori nahi Yeh takaaza hai mere halat ka Lena dena hai nahin Kuchh bhi jazbaat ka Yeh sach baat tujhse main keh raha Na aayi hai inmein zara si kami Jee haan Mohabbat hai yeh ji huzoori nahin x (4) Tujhko manana mujhe mujhe to aata nahi Mohabbat hai yeh ji huzuri nahin Par yeh nahin ke tujhe main chahata nahin Mohabbat hai yeh ji hazoori nahi Waqt badla hai zaraa sa Main wahi hun jaan-e-jaan Kaise tujhko baat main yeh samjhain sathiya Kaise khush tujhe rakhoon nahin bata Par chaahta hoon tere labbon pe hansi Mohabbat hai yeh ji huzoori nahin Jee haan x (4) Meri har khushi mein ho teri khushi Mohabbat mein aisa zaruri nahin x (2) Tu jab milna chaahe na mil saku Na milna mera koyi doori nahin Jee haan Mohabbat hai yeh ji huzoori nahin x (4) Meri har khushi mein ho teri khushi Mohabbat mein aisa zaruri nahin Tu jab milna chaahe na mil saku Na milna mera koyi doori nahin
12,Pump It,Ki and Ka,"Meet Bros Anjjan, Yash Narvekar",Meet Bros Anjjan,Kumaar, ,"Body mein jo music hai Usmein bhi to magic hai Haan body mein jo music hai Usmein bhi to magic hai Ismein jo rhythm hai Woh feel karo tum Yeh jo dil ke woofer hain Bajte neeche upar hain Ismein jo rhythm hai Woh feel karo tum Masti ki groove par Left right move kar Baby full speed mein shake your Bum bum bum bum bum bum Fiqron ko phenk kar Aage peechhe dekh kar Yaaro sab peeth utha ke Jump jump jump jump Pump it, pump it, pum pum pa pa pum Pump it, pump it, pum pum pa pa pum Pump it, pump it, pum pum pa pa pum Dil yeh kare shout x (2) Pump it, pump it x (3) Life ko beautiful Hone hone hone do Khud ko hi khud mein tum Khone khone khone do Keh do yeh sabko jaa ke Koyi na disturb kare Hil hil ke aaj hila do Kone kone kone ko Thoda sa freak ho, style bhi unique ho Baby full speed mein shake your Bum bum bum bum bum bum Fiqron ko phenk kar Aage peechhe dekh kar Yaaro sab peeth utha ke Jump jump jump jump Pump it, pump it, pum pum pa pa pum Pump it, pump it, pum pum pa pa pum Pump it, pump it, pum pum pa pa pum Dil yeh kare shout x (2) Aate hain lovely lamhe Aane aane aane do Jaate hain ched ke tumko Jaane jaane jaane do Mudke na aayegi yeh Life naughty naughty aaj Chaaya hai crazy nasha Chaane chaane chaane do Baat meri note kar, body ko hot kar Baby full speed mein shake your Bum bum bum bum bum bum Fiqron ko phenk kar Aage peechhe dekh kar Yaaro sab peeth utha ke Jump jump jump jump Pump it, pump it, pum pum pa pa pum Pump it, pump it, pum pum pa pa pum Pump it, pump it, pum pum pa pa pum Dil yeh kare shout x (2)"
13,Kabir Most Wanted Munda,Ki & Ka,"Arjun Kapoor, Meet Bros Anjjan, Palak Muchhal",Meet Bros Anjjan,Kumaar, ,"Most wanted, most wanted Most wanted munda x (4) Mujh mein hai hazaar khoobiyan Koyi ni hai ga like him Mile na mere jaisa koyi Smile teri kardi hai kill x (2) Sare shehar mein dhoondhe To ik bas main hoon only Oh soni kendi meet me just let me know Baby when you are lonely Har ladki soche kash yeh life mein Yeh hunda, hunda, hunda ae Main hoon most wanted munda Kehti hai har kudi Haan main hu most wanted munda Kehti hai har kudi Yo I’m most wanted munda Kehti hai har kudi Munda can shop, munda can chop Kendi bargaining mein hai top Munda hai ga smart, master of the art Iske to seene mein kudiyon waala heart He doesn’t need to make any money shoney Money shoney, money shoney But he feels on top like a honey bunny Honey bunny, honey bunny You won’t fall in love with him The chances are slim There’s nobody hai ga like him Munda yeh perfect hai Charcha hai isske naam ka Special Rab ne banaya hai Bas yehi to hai ik kaam ka x (2) Mere hi naam se hasinon ki Chalti hai heartbeat Mere hi vaste kudiyon mein Hoti hai maar peet Lakhon mein se hai yaar mujhko Dhoondha, dhoondha, dhoondha Main hu most wanted, sabse zyaada Most wanted munda Kehti hai har kudi Haan main hu most wanted munda Kehti hai har kudi Yo I’m most wanted munda Kehti hai har kudi x (2) Most wanted munda"
14,Most Wanted Munda,Ki and Ka,"Meet Bros Anjjan, Earl Edgar",Meet Bros Anjjan,Kumaar, ,"Nobody haiga like him x (2) Isme to hazar khoobiyan Nobody haiga like him Milega na iske jaisa chaahe Chirag leke dhoondo raat din Thoda sushil hai, sundar hai Aur thoda homely Sambhaale sabko ghar ke kaam kare Hai man of family Har lakdi bole kaash life mein Yeh hunda hunda hunda ae Yeh hai most wanted munda Kehti hai har kudi Yeh hai most wanted munda Kehti hai har kudi He is the most wanted munda Kehti hai har kudi Munda can shop, munda can chop Kende bargaing mein hai yeh top Munda haiga smart, master of the art Isske to seene mein kudiyo waala heart He doesn’t need to make any money shoney Money shoney, money shoney But he feels on top like a honey bunny Honey bunny, honey bunny That you won’t fall in love With him chances are slim There’s nobody hega like him Munda yeh perfect hai Charcha hai isske naam ka Ho special rab ne banaaya hai Bas yehi to hai ik kaam ka Arre re iski to fan hain Yeh saari auntiyan Arre re isske hi to door pe Sab maare ghantiyan Bas ik baari tu khol de Ghar ka kunda kunda kunda oye Yeh hai most wanted munda Kehti hai har kudi Yeh hai most wanted munda Kehti hai har kudi He is the most wanted munda Kehti hai har kudi Isme to hazar khoobiyan Nobody haiga like him Milega na iske jaisa chaahe Chirag leke dhoondo raat din Thoda sushil hai, sundar hai Aur thoda homely Sambhaale sabko ghar ke kaam kare Hai man of family Har lakdi bole kaash life mein Yeh hunda hunda hunda ae I am most wanted sabse zyaada Most wanted munda Kehti hai har kudi Yeh hai most wanted munda Kehti hai har kudi He is the most wanted munda Kehti hai har kudi"
15,Foolishq,Ki & Ka,"Armaan Malik, Shreya Ghoshal",Ilaiyaraaja,Amitabh Bhattacharya, ,"Foolishq foolishq tera mera Foolishq fool ishq tedha medha x (2) Dil jispe aana na ho Uss pe hi aata hai kyon Jis tarfa jana na ho Uss tarfa jata hai kyon Jata hai kyon Foolishq foolishq tera mera Foolishq fool ishq tedha medha Foolishq foolishq kuchh kuchh mera Foolishq fool ishq zyada tera Sansaniyaan tan-man mein Gadbadiyaan dhadkan mein Karta hai kyon karta hai Par isski sohbat mein Rehne ko phir bhi dil Karta hai, kyon karta hai Foolishq thoda hai yeh mana Fool ishq ka hi hai zamana Dil ko achchha laghta hai to Aakhein is se kyon churana Qismat walo ko milta hai yeh nazrana Foolishq foolishq tera mera Achchha hi hai tedha medha Foolishq foolishq tera mera Foolishq fool ishq tedha medha Hothon pe aur kuchh hai Par dil mein aur kuchh hai Donon mein ik to sach hai Dil sachcha hoga to Sach woh hi bolega Phir kaisi yeh mach mach hai Foolishq dil ki nadani hai Dil ki aadat bach-kani hai Fool ishq se hi darta hai yeh Phir bhi foolishq karta hai yeh Bhula ke bhi bhulaya to yeh jaaye na Foolishq foolishq tera mera Foolishq fool ishq tedha medha Foolishq fool ishq tera mera Achchha hi hai tedha medha"
16,Tere Naina Mere Naino Se,Awesome Mausam,"Shaan, Palak Muchhal",Komal Aran Atariya,Yogesh Bhardwaj, ,"Tere naina mere naino se laage To mere dil ko karaar aaya Haan haan.. Tere yeh naina mere naino se laage To mere dil ko karaar aaya Kaisa yeh deewanapan Kaisi yeh laagi lagan Kaisa nasha chhaya Kya ho raha tumko khabar Hai ke nahi oh bekhabar Haan haan.. Ishq ishq hai, ishq ishq hai Ishq ishq hai ishq x (2) Kya cheez hai jo Meri raghon mein samaane lagi Mere dil ki dhadkan Tere taraane gaane lagi Tumhein dekhkar ajab sa ehsaas hai Kuchh bhi nazar na aaye jo tu paas hai Kya ho raha tumko khabar Hai ke nahi oh bekhabar Haan haan.. Ishq ishq hai, ishq ishq hai Ishq ishq hai ishq x (2)"
17,Laila Majnu,Awesome Mausam,"Javed Ali, Monali Thakur",Mannishankar,Yogesh Bhardwaj, ,"Ho do jism ek jaan Do jism ek jaan ik dooje pe kurban Yeh dastan-e-Laila Laila Laila majnu Yeh dastan-e-Laila Laila Laila majnu Yeh dastan-e Laila Laila Laila majnu x (3) Laila, Laila, Laila, Laila Meri majbooriyan samajh lena Haal-e-dil tumse main kahoon kaise Aa gaya kaam yeh diwanapan Varna is gham ko main sahoon kaise In bujhti aankhon ko hai tera intezar Dum ghutne se pehle tu aaja ek baar Malik-e do jahan Malik-e do jahan yeh kaisa imtehan Yeh dastan-e Laila Laila Laila majnu x (2) Yeh dastan-e Laila Laila Laila majnu x (3)"
18,Bolna,Kapoor & Sons,"Arijit Singh, Asees Kaur",Tanishk Bagchi,Dr. Devender Kafir, ,"Chutteya na choote mose Rang tera dolna Ik tere baajo duja Mera koyi mol na Bolna maahi bolna Bol na maahi bol na Tere sang hansna main Tere sang rona Tujhmein hi rehna main Tujhmein hi khona Dil mein chupa ke tujhe Dil nahiyo kholna Mar ke bhi maahi tose muh na modna Bolna maahi bolna Bol na maahi bol na Chutteya na choote mose Rang tera dolna Ik tere baajo duja Mera koyi mol na Bolna maahi bolna, bolna Bol na maahi bol na Maahi bolna"
19,Ghaint Fan,Fan,Harbhajan Maan,Vishal-Shekhar,Shailender Sodhi, ,"Follow karan twitter tey Tag karan Facebook tey Tere quiz ch Google nu Beat kar diyan Mirror ch tu dissda ae Neend ch tu tikkda ae Teri madness ne mainu dheet kar ditta Tu hai sode di botal Main banta tera Main tey handle karan Har tanta tera Mere dil de mobile da tu Unlimited plan ho gaya Main tera haye re ghaint Oye re ghaint fan ho gaya Main tera haye re ghaint Oye re ghaint fan ho gaya Ho tenu vekh de hi dil ch Dhen te nan ho gaya Main tera haye re ghaint Oye re ghaint fan ho gaya Tere utthe kari Ph.D. Mera luck, mera hak tu hi only wajah Main tey sachchi ho jawan touchy Koyi tere je baare ch bole bura Tera yaar oye, mere tey bukhar oye Jaane saari colony main tere layi Insane ho gaya ha ha ha Main tera haye re ghaint Oye re ghaint fan ho gaya Main tera haye re ghaint Oye re ghaint fan ho gaya Ho tenu vekh de hi dil ch Dhen te nan ho gaya Main tera haye re ghaint Oye re ghaint fan ho gaya Style tera fatte’aan Tere tey khele satte’aan Tere naal wifi connection judya Tere tak jo aaundiya ne Line’aa saari dappian ne Koyi kinna vi roke main na rukya Oh tu jo jo keha, main ditto keeta Kadi jeb ch rakhya, kadi dil tey likhta Teri akkhan di garmi ch Sir ton pair tak tan hogaya Main tera dhish, ho tera ha Main tera fan ho gaya Main tera haye re ghaint Oye re ghaint fan ho gaya Main tenu vekh de hi dil ch Dhen te nan ho gaya Main tera haye re ghaint Oye re ghaint fan ho gaya"
20,Bhojpuri Fan Anthem,Fan,Manoj Tiwari,Vishal-Shekhar,Ranju Sinha, ,"Follow kari Twitterwa par Jor daali Facebookwa par Tohre khaatir Googlwa ke pachaad deli Mirrorwa mein bujhaala tu Nindiyon mein samaala tu Tohre laganiyan mein pagla gayi ho Tu ta sodwa ke botal, hum dhakkan tohar Tu kadak mithai, hum makkhan tohar Hamre dilwa ke mobiliya mein Lifetime late plan ho gayil Ee dilwa tohre jabardast ab to fan ho gayil Ee dilwa tohre jabardast ab to fan ho gayil Ho tohra dekhte na dilwa dhan te nan ho gayil Ee dilwa tohre jabardast ab to fan ho gayil Hum tohre par kaini PHD Hamar luck, hamar hak ab tu hi bada Batiyan saanchi, janela Ranchi Kehu tohra ke boli gadbad je boli Woh kari yaar haye, utari bukhar haye Jaane sagri nagariya ee dil Tohre bin khaali can ho gayil Ee dilwa tohre jabardast ab to fan ho gayil Ee dilwa tohre jabardast ab to fan ho gayil Ho tohra dekhte na dilwa dhan te nan ho gayil Ee dilwa tohre jabardast ab to fan ho gayil Style tohra hatke ba Bhaav tohra datke ba Tohre se wifi ke connection judal Tohre tak je jayela Linewa sab tapli hum Kitna kehu roke, rok na paayi ab Tu ta je je kahla, hum ta oo oo kaili Kabho pocket bhitar, karejwa se satli Haan tohre ankhiyan ke garmi mein Brainwa sala fail ho gayil Ee dilwa dhish, haye dilwa haa Ee dilwa fan ho gayil Ee dilwa tohre jabardast ab to fan ho gayil Ho tohra dekhte na dilwa dhan te nan ho gayi Ee dilwa tohre jabardast ab to fan ho gayil"
21,Titliyan,Rocky Handsome,Sunidhi Chauhan,"Sunny Bawra, Inder Bawra",Sagar Lahauri, ,"Look at my eye, tell me a lie Give me a try bye bye Let me a role, give me control Leave the whole bye bye This is the time do the crime We’re otta line bye bye Let me a role, give me control Leave the whole bye bye Hello na ishq mein chalein Udhariyan kabhi Jo hai abhi mera de de tu Hello yeh neendon ka nasha Jo aakhon mein bhara Tera hai tera le le tu Yeh titliyan hain jo udd gayi to Jo mud gayi to phir kabhi na mile Labon ke pyale tere hawale Yeh pal gulabi Libas yeh haya ka tu utaar de zara zara Yehi bas yehi raat hai zindagi Kal tu hoga kahin main kahin aur Yahan bas yahan banti hain qismate Khatm hote hain tisnagi yeh daur Aaha aaha aaha Hello yeh raatein jo gayi To na mile kabhi Yeh hai teri abhi jee le tu Hello yeh husn ki gali Hai chaand ki dali Yeh jaam sharbati pee le tu Yeh titliyan hain jo udd gayi to Jo mud gayi to phir kabhi na mile Labon ke pyale tere hawale Yeh pal gulabi Libas yeh haya ka tu utaar de zara zara Adaa har adaa me bhari shokhiyan Husn kehte jise hai reshmi dor Haan yahin bas yahin hai Zameen pe jannatein Waqt yeh keh raha aa meri or Hello ameer ho rahi fakiriyan meri Jo kho raha mera khone de Hello yeh khaabon ka safar Faqat hai raat bhar Jo ho raha tera hone de Yeh titliyan hain jo udd gayi to Jo mud gayi to phir kabhi na mile Labon ke pyale tere hawale Yeh pal gulabi Libas yeh haya ka tu utaar de zara zara"
22,Rehnuma,Rocky Handsome,"Shreya Ghoshal, Inder Bawra","Sunny Bawra, Inder Bawra","Manoj Muntashir, Sagar Lahauri", ,"Rehunma Tu jo mila, sab mil gaya Dil ki namazein ja ke Pohanchi falak se aage To ja ke paya tujhko mere rehnuma Mujhko mera Rab mil gaya Baahon se aage tere Duniya nahin hai meri Rakh le mujhko yahi mere rehnuma Jo na bhaaye teri nazar ko Dekhoongi na main phir wo nazara Tu jo mile to chod du khud ko Tujhmein kahin hai mera kinara Bas tu hi tu mujhe yaad hai Dil ki namazein ja ke Pohanchi falak se aage To ja ke paya tujhko mere rehnuma Ghuzri hoon jab se main tere dar se Hansne lagi hu main khulke rehbar Dard se tere rishta juda to Ab muskurate hain mere manzar (Hain mere manzar) Haan rab ki mujhe saughat hai Dil ki namazein ja ke Pohanchi falak se aage To ja ke paya tujhko mere rehnuma Baahon se aage tere Duniya nahin hai meri Rakh le mujhko yahi mere rehnuma"
23,Alfazon Ki Tarah,Rocky Handsome,Ankit Tiwari,Ankit Tiwari,Abhendra Kumar Upadhyay, ,Tere siwa kisko sochoon main Meri soch pe tum baithe ho Saasein jahan banti hain meri Us mod pe tum rehte ho x (2) Tu mere alfazon ki tarah Tu mere lihazon ki tarah Gunguna loon aaja main tujhe Tu meri awaazon ki tarah Mere hathon se jo adaa ho Us duva ki chahat Ghuzre jo rab ke yahan se woh Jannat isi raah tu Sajda tumhein sau dafa karoon Us rab ki tarah dikhte ho Saasein jahan banti hain meri Us mod pe tum rehte ho Tu mere alfazon ki tarah Tu mere lihazon ki tarah Gunguna loon aaja main tujhe Tu meri awaazon ki tarah Khwaabon ke labon pe tu hi tha ruka Ya tera naam tha Neenden meri dhoondti rahi tujhe Tu kahin gumnaam tha Lagta hoon main tere hu-ba-hu Aur tum bhi mere jaise ho Saasein jahan banti hain meri Us mod pe tum rehte ho Ho tu mere alfazon ki tarah Tu mere lihazon ki tarah Gunguna loon aaja main tujhe Tu meri awaazon ki tarah
24,Aye Khuda,Rocky Handsome,"Rahat Fateh Ali Khan, Shreya Ghoshal","Sunny Bawra, Inder Bawra","Sachin Pathak, Shekhar Astitwa", ,"Le aayi hai beetey huye Lamhon ko phir haan yeh zindagi Yoon beraham si ho gayi Lene chali jaan yeh zindagi Khuda kyun rooth gaya mujhse Nahin tha bair mera tujhse Kyun toone chhin liya mujhse mera jahan Aye Khuda tu bata Ummid thi, armaan the Khushiyan bhi thi behisab si Baahon mein thi duniya meri Thi zindagi jaise khaab si Har ik pal roshan roshan tha Mehakta dil ka aangan tha Tha jannat se badh ke pyara mera jahan Aye Khuda yeh bata Yeh kya kiya Khuda haye Yeh kyun kiya Khuda Bata mere Khuda Thi kya meri khata Bejaan si hai zindagi Har saans hai ghamzada Yeh kya kiya Khuda haye Yeh kyun kiya Khuda Bata mere Khuda Thi kya meri khata Ummid hai tuti huyi Tanhaaiyon ka daur hai Hai khwaahishein bikhri huui Khamoshiyon ka shor hai Bula le apne paas mujhe Na aaye jeena raas mujhe Kyun toone chheen liya mujhse mera jahan Aye Khuda tu bata Yeh kya kiya Khuda haye Yeh kyun kiya Khuda Bata mere Khuda Thi kya meri khata Bejaan si hai zindagi Har saans hai ghamzada Yeh kya kiya Khuda haye Yeh kyun kiya Khuda Bata mere Khuda Thi kya meri khata"
25,Maya Thagni,Jai Gangajal,Pravesh Mallick,Salim-Sulaiman,Manoj Muntashir, ,Maya thagni naach nachawe Maya thagni naach nachawe Eehe zamana chaale re Ab eehe zamana chaale re Darr laage aur hansi aave Ab eehe zamana chaale re Danka uska bolega Danda jiske hath mein Gher ke pehle maarenge Baat karenge baad mein Danka uska bolega Danda jiske hath mein Gher ke pehle maarenge Baat karenge baad mein Hawa badan mein sendh lagawe Eehe zamana chaale re Ab eehe zamana chaale re Darr laage aur hansi aave Darr laage aur hansi aave Ab eehe zamana chaale re Ab eehe zamana chaale re..
26,High Heels,Ki And Ka,"Yo Yo Honey Singh, Meet Bros, Jaz Dhami, Aditi Singh Sharma",Meet Bros,Kumaar, ,"High heels te nache taan tu badi janche High heels te nache taan tu badi janche Ik ik thumke pe sau-sau taaliyan Hile jab lak tera hilti ae baaliyan x (3) 24 ghante mundey rehnde mere agge pichche Mere agge pichche, mere agge pichche Jad high heels te nache taan tu badi janche High heel te nache taan tu badi janche Tu badi janche Pehli baat to yeh Jo tu tik-tok, tik-tok chalti hai Mana yeh saari teri High heels ki galti hai Ruk to jaa tu hang on Yeh to bata tu hai kaun Kahan se aayi hai Kahan ko jaayegi Pagal ladki mujhe marwayegi Shut up! Bas kar yeh jalwe na dikha Yeh sab main bohat dekh chuka Tujh jaisi to patt jaati hai Phir durghatna ghat jaati hai Main hoon shikari kudiye Khaali mera vaar ni jaata Mujhko na pehchane kyun Tere ghar akhbaar ni aata Tere ghar akhbaar ni aata Tu badi janche Aankhon se cheat karke Talk sweet karke Lap main apne tu mujhko bitha lega Mujhe jo tang kiya Kuchh mere sang kiya To meri high heels se maar tu kha lega Nache bin khul jaane zulfan ae kaliyan Seene vich dil-vil thug lain waliyan Nache bin khul jaane zulfan ae kaliyan Seene vich dil-vil thug lain waliyan Jaadu teri beauty wala non stop khiche Non stop khiche, non stop khiche Kenda high heel te nache Taan tu badi janche High heel te nache Taan tu badi… Jad high heel te nache Tu badi janche Jad high heels te nache Taan tu badi janche High heel te nache Taan tu badi janche"
27,Tetua,Jai Gangaajal,Sukhwinder Singh,Salim-Sulaiman,Manoj Muntashir, ,"Poorab tu bhaag chaahe Pashchim bhaag le Uttar bhaag chaahe Dakshin bhaag le Chaan lenge aise jaise Macchli ho jaal me Tetua daboch lenge Ghuss ke pataal me x (2) Aaj bach jaihen To jaan kal jaavegi Bakre ki maayi khair Kab tak manaavegi Thoos denge, thoos denge Beta sasural me Tetua daboch lenge Ghus ghus ke pataal me Chaan lenge aise jaise Macchli ho jaal me Tetua daboch lenge Ghuss ke pataal me Re tetua daboch lenge"
28,Rock The Party,Rocky Handsome,Bombay Rockers,Bombay Rockers,Bombay Rockers, ,"Teri to, teri taan hamesha yaad satave I don’t know what you’re saying All I know is that I came to party Teri to, teri taan hamesha yaad satave Dhoom macha de, rang jama de All I know is that I came here to Came to party Aaja baby meri kol Aake gall tu dil di bol Aivein na tadpaya karo Main taan karda teri wait Khol ke dil de gate Milne kadde aaya karo Hey if you really want to get down Aaja baahon mein hum ghoome around Round we go, round we go x (4) Teri to, teri taan hamesha yaad satave I don’t know what you’re saying All I know is that I came to party Teri to teri taan hamesha yaad satave Dhoom macha de, rang jama de All I know is that I came here to Rock the party, rock the party Oye hoye ni kudiye teri jawaani Rock the party, rock the party Oye hoye jawaani ankh mastani Shake your body, shake your body Oye hoye jawani, teri jawani Rock the party, rock the party Rock the party, rock the party Oye hoye ni kudiye teri jawaani Rock the party, rock the party Oye hoye jawaani ankh mastani Shake your body, shake your body Oye hoye jawani, teri jawani Rock the party, rock the party HO haaye.. Teri to, teri taan hamesha yaad satave Hmm teri to, teri taan hamesha yaad satave"
29,Kar Gayi Chull,Kapoor & Sons,"Badshah, Fazilpuria, Sukriti Kakkar, Neha Kakkar",Badshah,Badshah, ,"Arre ladki beautiful kar gayi chull Chull chull chull Yeah Dekh tera rang sanwla hua banwla Ladki nahin tu hai garam mamla Bolti band meri kahun kya bhala Kuch bhi kaha nahin jaaye Kya nache tu Dilli hile hai London Matak matak jaise Ravina Tandon Aag lagane aayi hai ban than Goli chal gayi dhanye Nakhre vilayati, ego mein rehti Nakhre vilayati, ego mein rehti Tashan dikhaati full Arre ladki beautiful kar gayi chull Chull chull chull Arre daayein baayein Kaise kamar tu jhulaye Physics samajh nahin aaye Arre ladki beautiful kar gayi chull Arre daayein baayein Kaise kamar tu jhulaye Physics samajh nahin aaye Sandal mere cham cham karde Hai gye high brand ve Sandal mere cham cham karde Hai gye high brand ve Mere heel pe honde land ve Sari kudiyan haye desi chidiyan Sari kudiyan desi chidiyan Iklauti main bulbul Main ladki beautiful kar gayi chull Chull chull chull Arre ladki beautiful kar gayi chull Dekh tera rang sanwla hua banwla Ladki nahin tu hai garam mamla Bolti band meri kahun kya bhala Arre ladki beautiful kar gayi chull Kya nache tu Dilli hile hai London Matak matak jaise Ravina Tandon Aag lagane aayi hai ban than Arre ladki beautiful kar gayi chull Koyi bacha lo mujhe sambhalo Arre isse utha lo Arre ladki beautiful kar gayi chull"
30,Jabra Fan,Fan,Nakash Aziz,Vishal-Shekhar,Varun Grover, ,"Follow karoon Twitter pe Tag karoon Facebook pe Tere quiz mein Google ko beat kar diya Mirror mein tu dikhta hai Neend mein tu tik-ta hai Tere madness ne mujhe dheet kar diya Tu hai sodey ke bottle Main banta tera Main to handle karoon Har tanta tera Mere dil ke mobile ka tu Unlimited plan ho gaya Main tera haye re jabra Hoy re jabra fan ho gaya Main tera haye re jabra Hoy re jabra fan ho gaya Oh tujhe dekhte hi dil mein Dhen te nan ho gaya Main tera haye re jabra Hoy re jabra fan ho gaya Maine tujhpe kari PHD Mera luck mera hak Tu hi only wajah Main to sachchi ho jaoon touchy Koyi tere jo bare mein bole bura Tera yaar haye Mujhko bukhar haye Jaane sari colony mein Tere liye insane ho gaya ha ha Main tera haye re jabra Hoy re jabra fan ho gaya Main tera haye re jabra Hoy re jabra fan ho gaya Oh tujhe dekhte hi dil mein Dhen te nan ho gaya Main tera haye re jabra Hoy re jabra fan ho gaya Style tera phatte hai Tujh pe khele satte hain Tujhse hi wi-fi connection juda Tere tak jo aati hai Line sari kafi hai Koyi kitna bhi roke Main to na ruka Toone jo jo kaha maine ditto kiya Kabhi jeb mein rakha Kabhi dil pe liya Teri aankhon ki garmi mein Sar se pair tak fan ho gaya Main tera dhish, ho tera aah Oh tera fan ho gaya Main tera haye re jabra Hoy re jabra fan ho gaya Oh tujhe dekhte hi dil mein Dhen te nan ho gaya Main tera haye re jabra Hoy re jabra fan ho gaya"
31,Teri Yaad,Tera Suroor,"Badshah, Himesh Reshammiya",Himesh Reshammiya,Shabbir Ahmed, ,Teri yaad mere dimag me Aise hai basi Naa hi behte hain aansoo Na hi aati hai hassi Kyun tu gai aur kahaan pe gayi Yeh sab mujhko nahin pata Mujhko to bas koyi yehi bata de Ke meri kyaa thi khata Teri yaad hai har jagah Teri yaad hai har jagah Nahin milna humara bewajah Aashiqi tujhse tu hi nahin hai Koyi na koyi hai wajah Aashiqi tujhse tu hi nahin hai Koyi na koyi hai wajah Teri yaad hai har jagah Hona tha jo ho gaya Khona tha jo kho gaya Pyar me tere pad ke Paagal hona hi tha ho gaya Ab yehi divanapan sar chadh ke bole Main kya karoon? Ek chota sa sawal hai Main jiyoon ya maroon Tanha katega kaise yeh safar Mujhme zinda tu hai is kadar Jis ehsas ko lafzo me kehna Hai mumkin nahin yeh ab mera Aashiqi tujhse tu hi nahin hai Koyi na koyi hai wajah Teri yaad hai har jagah
32,Kalol Ho Gaya,Love Shagun,"Tochi Raina, Prashant Satose, Deblina Archana Thamalla, Sayantan Dutta",Band of Bandagi,Gurpreet Sam B, ,"Sanichar ki raat meri Daru ke naam thi Thodi deir pehle hi Jhol ho gaya x (2) Mere jis yaar ki Gaadi mein tha jana mujhey Uska khatam petrol ho gaya Gaadi nu dhakka la do Koyi disco vich pahuncha do Gaadi nu dhakka la do Koyi disco vich pahuncha do Mera bin matlab vich roll ho gaya Kalol ho gaya, kalol ho gaya x (4) Gap-shap tey chakkaran ch Kaddi vi na paina si Kallan kallan khush si main Kalle kalle rehna si Kalle kalle rehna si Kalle kalle rehna si Panditan ne kundli de Chakkaran ch pa leya Sidha saada munda mainu Sab ne phansa leya Gap-shap tey chakkaran ch Kaddi vi na paina si Kallan kallan khush si main Kalle kalle rehna si Panditan ne kundli de Chakkaran ch pa leya Sidha saada munda mainu Sab ne phansa leya Kabhi socha na tha raja Tera baj jayega baja x (2) Oh teri, L.O.L. pura LOL ho gaya Kalol ho gaya, kalol ho gaya x (4)"
33,Hichkiyan,Love Shagun,"Aditi Singh Sharma, Bob",Ashish Pandit,Ashish Pandit, ,"Can I hear my party people hala yeah, yeah! Everybody in the party hala aah, aah! All my people in the party hala yeah, yeah! Everybody in the party hala aah, aah C’mon All my party animo Do you know what time it is Its the time hit the floor Get in the drunk in the pub Say my party animo Do you know what time it is Its the time hit the floor Get in the drunk in the pub Yeh bhool ke aaj hu kaun main Ok, that’s ok Main aa gayi aish ke zor mein Yeh bhool ke aaj hu kaun main Ou main aa gayi aish ke zor mein Peene ke jaldbaazi mein Jaane kya pee liya, pee liya Aane lagi hai hichki pe hichkiyan Pe hichkiyaan, pe hichkiyan Pe hichkiyaan, hichkiyan, hichkiyaan Ulti bhi hu ki seedhi bhi Aisi ki taisi duniya ki Kathak karoon ya disko marzi meri x (2) Ayyashiyon ki meri umar hai Jamke besharmi se aankhon ko senkoongi Koyi jancha to aise mein usko Bholi shakal, gandi neeyat se dekhoongi x (2) Khudgarziyan ghalat hain to Kar loon yeh ghaltiyan Aane lagi hai hichki ya hichkiyan Hichkiyaan, hichkiyan, hichkiyaan Hichkiyaan, hichkiyan, hichkiyaan Ulti bhi hu ki seedhi bhi Aisi ki taisi duniya ki Kathak karoon ya disko marzi meri x (2)"
34,Coffee,Love Shagun,"Siddharth Amit Bhavsar, Keka Ghoshal",Rishi Siddharth,Siddharth Amit Bhavsar, ,"I do as you say What if the other way Coffee is on Saturdays Breakups on Sundays x (2) Phir meri jaan badhega fasla Hokar juda phir milega koyi naya x (2) I like desi food And she wants a Subway I like desi food She wants a Subway If I say love you Woh bol degi hat re Phir meri jaan badhega fasla Hokar juda phir milega koyi naya x (2) Ishq hone ko to ho jaata hai Par poori life Ek pal mein to badalti nahin Hosh khone ko to kho jaata hai Chaand tare todne ke Vaadon se sambhalta nahin Simple se the hum Yeh kahaan pe latke Aasmaan se gir ke Khajoor mein attke Phir meri jaan badhega fasla Hokar juda phir milega koyi naya x (2) Na jaane wo, na janoon main Na jaane ek doosre ko kaise sehte hain Na maane wo, na manoon main Yeh saari baatein phir bhi Haan mein haan kyun bharte hai Seedhe jaate jaate Ulte aake bhatke Yeh funde hit nahin par Hain zara se hat ke Phir meri, phir meri Phir meri jaan Phir badega fasla, fasla, fasla Phir milega koyi naya x (2) Phir meri jaan"
35,Naina Bol Gaye,Jab Tum Kaho,Shankar Mahadevan,Nishad Chandra,Ravi Chopda, ,"Palkon se uljhi palak Yeh qissa gaya dil talak Ho dil ne kaha dekh li In aakhon mein rab ki jhalak Lamhon ki mulakaaton mein Hamein bandh ke jazbaton mein x (2) Bin bole har bhed jia ka khol gaye Jo hum keh na paaye, naina bol gaye Jo hum keh na paaye, naina bol gaye Naina bol gaye x (4) Jo hum keh na paaye, naina bol gaye x (2) Mannatein, minnatein rang laane lagi Jannatein ru-ba-roo mere aane lagi Ho mannatein, minnatein rang laane lagi Jannatein ru-ba-roo mere aane lagi Khul ke khilne lagi khwahishien Manchali si hain farmayishein Saason mein ehsas nasha sa ghol gaye Jo hum keh na paaye, naina bol gaye Jo hum keh na paaye, naina bol gaye Hoslon ki hawa de gayi chahatein Tum mile to mili dil ko sau raahatein Hum sulajhne, ulajhne lage Ishq kya hai samajhne lage Hum sambhle to dil diwane dol gaye Jo hum keh na paaye, naina bol gaye Jo hum keh na paaye, naina bol gaye Naina bol gaye x (4) Jo hum keh na paaye, naina bol gaye x (2)"
36,Ab Tu Hi Tu,Jab Tum Kaho,"Shafqat Amanat Ali, Palak Muchhal",Anuj Garg,Ratn Nautiyal, ,Ab tu hi tu mujhme hai Main kahaan bhala x (4) Uda khwaab mera Tere pankhon ki parwazon se Subah meri huyi hai Teri subah ke ujalon se Tujhse se yaqeen paaun Duniya ko jeet jaaun Teri hi to raahon pe main hoon chala Ab tu hi tu mujhme hai Main kahaan bhala x (4) Teri khushiyon ki dori Gamm ki patang meri uda le gayi x (2) Meri har ik kahani teri hi zubani Bayan ho kahin Laqeeren hathon ki badli Tere hathon ke choo jaane se Subah meri huyi hai Teri subah ke ujalon se Tujhse se yaqeen paaun Duniya ko jeet jaaun Teri hi to raahon pe main hoon chala Teri baahon mein aise basein Barish mein jaise boondon ka ghar Mujhko mila hai tu is tarah Soye parindo ko jaise sehar Jannat paayi hai maine Teri duniya mein aa jaane se Subah meri huyi hai Teri subah ke ujalon se Tujhse se yaqeen paaun Duniya ko jeet jaaun Teri hi to raahon pe main hoon chala Ab tu hi tu mujhme hai Main kahaan bhala x (4)
37,Rum Pum,Jab Tum Kaho,"Preet Harpal, Kuwar Virk",Kuwar Virk,Kuwar Virk, ,"Haye gutt gutt karke peeni ae Kyun rukdi nahin x (2) Teri kye ho ji capacity jo mukdi nahin Everybody wanna know How you dance on the floor Baby you just blow, blow Everybody wanna know How you dance on the floor Baby lets go Haye gutt gutt karke peeni ae Kyun rukdi nahin Teri kye ho ji capacity jo mukdi nahin Ho shot tequila la ke Mundya nu kol bula ke Madam ji nachchan lagdi phir Eh ho ja kardi fun Ho kendi rum pum pum Everybody move your bum Kendi rum pum pum Everybody do like this x (2) Haan ji, baby ji kaisi ho Ek number chhori, mukhde pe glow Allahad jawani ghar nuksan Ka brake laga lo ho jao slow Haye kam ladkon ko chheda kar Tera boyfriend sadd jaayega Is beauty ne kam karle Bechara yoon hi mar jaayega Re chhori atti sundar, atti chokas Sone jaisa rang Thoda dhyaan diya kar chhori Airport pe custom dena pad jaayega Ho kendi rum pum pum Everybody move your bum Kendi rum pum pum Everybody do like this x (2) Haye saara saara din Dekhein hain ladke teri beauty Arey yeh kaisi laga di toone Dekhne ki duty Everybody wanna know How you dance on the floor Baby you just blow, blow Everybody wanna know How you dance on the floor Baby lets go Haye saara saara din Dekhein hain ladke teri beauty Arey yeh kaisi laga di toone Dekhne ki duty Ho lagda ae panga shanga paavengi Mundya nu band karaawengi Rehna madam se bachke She’s dangerous like a gun Ho kendi rum pum pum Everybody move your bum Kendi rum pum pum Everybody do like this x (2)"
38,Kab Aaoge,Jab Tum Kaho,Mohit Chauhan,Anuj Garg,Vijay Akela, ,Baharein beetne ko hain Batao naa kab aaoge x (2) Ummeedein reetne ko hain Batao naa kab aaoge Tere bin dil yeh pyasa hai Kab talak yoon tarsaoge Parinde lautne ko hain Batao na kab aaoge Abhi jo tum chale aate Hawa sandal si ho jaati x (2) Ke dariya rukh badal leta Ghadi makhmal si ho jati Mujhey bhi chain mil jata Tabiyat bhi sambhal jati Nazare doobne ko hain Batao na kab aaoge Ummeedein reetne ko hain Batao na kab aaoge In aakhon ne teri surat Kuchh is tarah sambhaali hai x (2) Ke inmein tum agar na ho To darpan khaali khaali hai Bass tere aane bhar se meri Yeh hasrat hi machal jaati Sabhi ab puchhne ko hain Batao na kab aaoge Ummeedein reetne ko hain Batao na kab aaoge
39,Wafa Ne Bewafai,Tera Suroor,"Arijit Singh, Neeti Mohan, Suzanne D’Mello",Himesh Reshammiya,Sameer Anjaan, ,"Ek daur wo tha mujhse bhi zyaada Unko fiqar thi meri Kehte the mujhse rukhsat na honge Milke dobaara kabhi Ab to ghairon se mera haal Poochha jaata hai Yehi dard-e-dil mere Dil ko rulata hai Wafa ne bewafai, bewafai, Bewafai ki hai x (3) Wafa ne bewafai When I look into your eyes Baby I’m in paradise We could take you to the skies We could make you and I x (2) Meri aashiqi yeh rab ke havale Roothe yaar ko bas koyi manaa le Yaadon ki suli dil mein gad jaati hai Veeraniya jab hadd se badh jaati hai Ek daur wo tha mujhse bhi zyaada Unko fiqar thi meri Kehte the mujhse rukhsat na honge Milke dobaara kabhi Ab to ghairon se mera haal Poochha jaata hai Yehi dard-e-dil mere Dil ko rulata hai Wafa ne bewafai, bewafai, Bewafai ki hai x (3) Wafa ne bewafai"
40,Aisa Kyun Maa,Neerja,"Sunidhi Chauhan, Natasha Tejura",Vishal Khurana,Prasoon Joshi, ,"A aa e ee u oo ae ae O au ann aha x (2) Ka kha ga gha da Cha chha ja jha Ya ta tha da dha adha Ta tha da dha na Pa pha ba bha Ma ya ra la wa A aa e ee u oo ae ae O au ann aha Laado! Ungli pakad ke phir se sikha de Godhi utha le na Maa Aanchal se mera muh pochh dena Maila sa laage jahan A aa e ee u oo ae ae O au ann aha Aakhein dikhaye mujhe jab zindagi Yaad mujhe aati hai tere gusse ki Danta bhi to toone mujhe Phoolon ki tarah Kyun nahin maa sari duniya teri tarah Matha garam hai, subah se mera Rakh de hatheli na Maa Toone kuchh khaya? Der se kyun aayi? Koyi na puchhe yahan A aa e ee u oo ae ae O au ann aha Heera kaha, kabhi nageena kaha Mujhe kyun aise pala tha Maa Teri nazar se mujhe dekhe na jahan Duniya ko to dantegi na Dantegi na Maa Teri nazar se mujhe dekhe na jahan Duniya ko to dantegi na Dantegi na Maa Mujhko shikayat karni hai sabki Mujhko satate hain Maa Ab tu chhupa le, paas bula le Mann hai akela yahan A aa e ee u oo ae ae O au ann aha Laado!"
41,Ganga Maiya,Direct Ishq,Swati Sharma,Tanishk Bagchi,A. M. Turaz, ,"Dho de mann ki saari kalikh Kar de chamkili si polish Sunle dil se nikli ghuzarish Itni si hai bas farmaish Koyi sajawat, koyi banawat Mana hai dil mein pyar ho gaali Hum hain sawari, tu hai khewaiya Paar laga de apni naiya Ho Ganga maiya, Ganga maiya Twamewa tripti, twamewa shakti Twamewa mukthi, disha twamewa Twamewa jiwan, twamewa nirmal Twamewa dhara, pratha twamewa Sab paap lele, hamein punya dede Tere dar pe aa gaye Tera neer amrit yehi soch ke to Hum vish ko bhi pee gaye Dil hai pyasa, janmon se mata Karde karam zara sa Hum hain sawari, tu hai khewaiya Paar laga de apni naiya Ho Ganga maiya, Ganga maiya Namo Shiwaye, namo vardaye Shivdhari namo namah Ya devi sarwabhuteshu Maa rupena samsthita Is tazgi se teri sadagi se Hamein to pyar ho gaya Barbadi se rok de maiya Ikhtiyar ho gaya Dhundhli hai aasha, khaali hai kasa Ban jaaye na tamasha Hum hain sawari, tu hai khewaiya Paar laga de apni naiya Ho Ganga maiya, Ganga maiya Twamewa tripti, twamewa shakti Twamewa mukthi, disha twamewa Twamewa jiwan, twamewa nirmal Twamewa dhara, pratha twamewa Ganga maiya, Ganga maiya Ganga maiya, Ganga maiya"
42,Gehra Ishq,Neerja,"Shekhar Ravjiani, Shadab Faridi, Farhan Sabri",Vishal Khurana,Prasoon Joshi, ,"Dheemi dheemi hawa teri Udne lagi hasti meri Oh khushboo khushba mehka ishq Dooba dubka gehra ishq In khayalon ko odh loon main Khud ko yaadon se jod loon main Khushboo khushba mehka ishq Dooba dubka gehra ishq Gehra.. ishq.. Tere dariya mein neela ho jaaoon Teri baarish mein geela ho jaaoon x (2) Tere dariya mein Tere dariya mein neela ho jaaoon Neela ho jaaoon Teri baarish mein geela ho jaaoon Teri baarish mein Tu hi bandish meri, tu hi dhun meri Geela ho jaaoon Tu hi sargam meri, tu ghuzarish hai Tu hi bandish meri, dhun meri Sargam meri Tu ghuzarish meri, tu hi khwahish meri Tu hi humdum hai Tu ghuzarish meri, khwahish meri, humdum meri Oh khushboo khushba mehka ishq Dooba dubka gehra ishq Tu hi mera bairiya, tu hi meri barish Tu hi meri bandish meri, tu hi hai ghuzarish Tu hi meri sargam, tu hi mera humdum Tu hi meri bandish meri, tu hi hai ghuzarish Dheemi dheemi hawa teri Udne lagi hasti meri Oh khushboo khushba mehka ishq Dooba dubka gehra ishq"
43,Akkad Bakkad,Sanam Re,"Badshah, Neha Kakkar",Badshah,Badshah, ,Akkad bakkad Bombay bo Assi nabbe poore sau Raat ke baje gaye paune 2 Jo hota hai hone do x (4) Akkad bakkad x (4) Kudi tu ek lonly Nach hauli hauli Peeke bas peg do tu Aise kyun hai doli Kudiyan da gang Tey mundeyan di toli Kaafi kuchh hoga But slowly slowly Naach naach ke thak gaya hu Daru peeke akk gaya hu Mujhko ninni aa rahi hai Sath mein apni sone do Akkad bakkad Bombay bo Assi nabbe poore sau Raat ke baje gaye paune 2 Jo hota hai hone do x (2) Akkad bakkad x (4) Yeh na sochiyo tu ke Hoon main teri anti But teri zuban chalti hai jaise kainchi Club mein aayi hoon bus party karne Tu kyun faltu mein hua phirta hai senty Chal yahan se taap le tu Rasta apna naap le tu Meter mera hil gaya to Kaan ke neeche dungi do Akkad bakkad Bombay bo Assi nabbe poore sau Raat ke baje gaye paune 2 Jo hota hai hone do x (2) Akkad bakkad Bombay bo Assi nabbe poore sau Tata bye bye kar de baby Ab tu apne boyfriend ko x (2) Akkad bakkad x (4) Akkad bakkad Bombay bo Assi nabbe poore sau Raat ke baje gaye paune 2 Jo hota hai hone do
44,Manwa Behrupiya,Bollywood Diaries,"Arijit Singh, Vipin Patwa",Vipin Patwa,Dr. Sagar, ,"Yeh kahan leke aayi hain khwahishein Dhadkanein bekhudi mein jaane kya kahein Hua kya hai tujhe aye mere man baanwre Bebasi mein jaane na tu yeh kya kare Ae manwa behrupiya Tu na jaane yeh kya kar diya x (2) Ek dor koyi kheenche Khaabon ke peechhe peechhe Kehna kisi ka maane na Ae manwa behrupiya Tu na jaane yeh kya kar diya Apni kismat ko khud hi badal de Mukti ke is path par tu khud hi chal de Sapne tere kabhi na honge adhure Tere iraade bhi ab honge pure Janam maran ke dhagon se ab to Tu aise bandh jayega haan Rooh ka parinda uddke phir se Is dharti par aayega Ae manwa behrupiya Tu na jaane yeh kya kar diya x (2) Saasein behkati hain mere seene mein ho.. Aane laga hai mujhko mazaa ab jeene mein Paas pachunchna hai taron ke Pankh laga ke armaano ke, tu udta hi jaye Ae manwa behrupiya Tu na jaane yeh kya kar diya x (2) Ho zindagi yeh jab bhi afsane naye banati hai Ashkon ke katro ko bhi moti sa chamkaati hai Mit jaate hain fasle paas jab yeh bulati hai Lamhon ke dhoondh rahe the Khud chal kar aa jaati hai Pal bhar mein khushiyon ki ab Yeh kaisi saughat hai Ubhar gaye do gaalon pe Rang hain ya jazbat hain Kyon aise bharmaaye Ae manwa behrupiya Tu na jaane yeh kya kar diya x (2) Ek dor koyi kheenche Khaabon ke peechhe peechhe Kehna kisi ka maane na Ae manwa behrupiya Tu na jaane yeh kya kar diya x (2) Manwa behrupiya Manwa.."
45,Aankhein Milayenge Darr Se,Neerja,"K. Mohan, Neha Bhasin",Vishal Khurana,Prasoon Joshi, ,"Om triyambakam yajaamahe Sugandhim pushti vardanam Urvarukmiwa vandanaan Mrityore mukshiya mamrita Aankhein milayenge darr se Ghuzrenge mushkilo ke mohalle se Nikle hain junun leke ghar se Aankhein milayenge dar se x (2) Tapke nazar se bekhauf barish Kuchh faislon ka mausam hai aaya Saason ne mujhko Jeene ka matlab samjhaya Dhaji dhaji raat ud gayi Roshan roshan subah ho gayi Dar teri aisi kam taisi Aisi kam, taisi kam Darr tera time khatam Let’s get straight buddy Dar is a nobody Aa aa aa aukat him him him himmat Open eyes no shut Darr se bolo chal hatt Chal hatt, chal hatt Dar se bolo chal hatt Chal hatt, chal hatt Aankhein milayenge darr se, dar se Ghuzrenge mushkilo ke mohalle se, mohalle se Nikle hain junun leke ghar se, ghar se Aankhein milayenge dar se Aankhein milayenge.. Aankhein milayenge darr se"
46,Six Pack Abs,Tere Bin Laden ,Ali Zafar,Ali Zafar,Ali Zafar, ,"Hey Mummy bole Jo bhi karna tu karna haule haule Haan Daddy bole Kyaa kar lega tu yeh bana ke dolle O main yeh bola Jigre mein aag aur badan mein shola To duniya bole baa Aur main bolu ke aaha, aah aah Aa chakh le mere Ek do teen char paanch Yeh mere six pack abs, six pack Baby ko laage fab, fab fab Yey mere six pack abs, six pack Girl follow me in cabs, cabs cabs Yeh mere six pack abs, six pack Six pack…"
47,Bekhudi,Tera Surroor,"Darshan Raval, Aditi Singh Sharma",Himesh Reshammiya,Sameer Anjaan, ,"Bekhudi Bekhudi mere dil pe aisi chaayi Tu hi tu mujh mein samaayi Ban gayi meri khudayi beliya Duniya ho jaye parayi Na dena mujhko rihayi Ab kubool na judayi beliya Bekhudi Bekhudi mere dil pe aisi chaayi Tu hi tu mujh mein samaayi Ban gayi meri khudayi beliya Duniya ho jaye parayi Na dena mujhko rihayi Ab kubool na judayi beliya Jahan jahan tera chehara Wahan wahan meri aankhein Sochti hoon aqsar main to Lamha lamha teri baatein Bekhudi, bekhudi Mere dil pe aisa chaaya Tu hi tu mujh mein samaaya Ban gaya tu mera saaya beliya Duniya ho jaye parayi Na dena mujhko rihayi Ab kubool na judayi beliya Bekhudi"
48,Kabhi Yun Bhi,Ishq Junoon,Vardan Singh,Vardan Singh,Azeem Shirazi, ,Kabhi yun bhi aa mere dil mein tu Tujhe umra bhar ko main rok loon Kabhi yoon bhi aa mere dil mein tu Tujhe umra bhar ko main rok loon Meri raat ko bhi subah mile Mujhe tu mile to Khuda mile Barishon ka jaise mausam hai tu Chahaton ka jaise aalam hai tu Mehfooj hain tujhme saansein meri Roshan huyi tujhse raatein meri Kahan darmiyan rahe fasle Mujhe tu mile to khuda mile Mujhe tu mile to khuda mile Mujhe tu mile to khuda mile Kabhi yun bhi aa mere dil mein tu Tujhe umra bhar ko main rok loon
49,Toote Tare,Direct Ishq,Swati Sharrma,Raeth Band,A. M. Turaz, ,"Toote Taron se giri main Tere asmaan se Roothe khwaabon se phiri main Tere syaah mein Toote sheeshon si bikhri bikhri Roothi khushiyon se sehmi sehmi Mitti hoon teri rehguzar hi par Sukoon se mila de, bechaini mita de Mujhe chahaton ke falaq pe bitha de Dhundhle huye (dhundhle huye) Sapne sabhi (sapne sabhi) Aankhon se yoon (aankhon se yoon) Barasta hai gham (barasta hai gham) Kyun bewajah dil mein mere Dukh hain bohat, khushiyan hain kam Mitti hoon teri rehguzar hi par Sukoon se mila de, bechaini mita de Mujhe chahaton ke falaq pe bitha de x (2)"
50,Main Woh Chand,Tera Surroor 2,Darshan Raval,Himesh Reshammiya,Sameer Anjaan, ,"Ashkon mein hain yaadein teri Bheegi bheegi raatein meri Gumm hai kahi raahein meri Main tere ishq mein gumraah hua Main tere ishq mein gumraah hua Main woh chaand jiska Tere bin na koyi aasman Main woh chaand jiska Tere bin na koi aasman Meri duavon mein hai mannat teri Tujhko padha hai tu hai aayat meri Jannat tu hi hai, tu hona na dur Azzmat hai tujhse tuhi hai mera nur Dil ki salakhen kaid rakkhe hai Jaise parinda koyi, haan koyi Ashkon mein hain yaadein teri Bheegi bheegi raatein meri Gumm hai kahi raahein meri Main tere ishq mein gumraah hua Main tere ishq mein gumraah hua Main woh chaand jiska Tere bin na koyi aasman Main woh chaand jiska Tere bin na koi aasman"
51,Itemwaale,Tere Bin Laden ,Ram Sampath,Ram Sampath,Munna Dhiman, ,"All time party sharty, party sharty x (2) Upar se neeche tak Sharbat ke pyaale hain Arre dekhta ja Tujhko kya dekhane waale hain Hum itemwaale hain Hum itemwale hain By God hum sach mein Tere chaahne waale hain Tere well wisher hain Part time lover hain Oh teri duva kareinge Oh tera bhala karenge By god hum sach mein Tere chaahne waale hain Hum itemwaale hain Hum item waale hain By God hum sach mein Tere chaahne waale hain Party sharty party sharty Party sharty party sharty Jab-jab teri duniya mein Ghangor andhera chhayega Ek item song aayega Aur tujhko raah dikhaega Item karne ko hamne Yeh body hai banaai Arre kitne chooran khaaye Badi hai shug lagaai Tere seene mein fit hona hai Tere sath hi jaake sona hai Fit hona hai, fit hona hai Hum itemwaale hain Hum itemwale hain By God hum sach mein Tere chaahne waale hain Main bhi item hu, tu bhi item hai Paise khilake huye number one hain By god hum sach mein Tere chaahne waale hain Hum itemwaale hain Hum itemwale hain By God hum sach mein Tere chaahne waale hain"
52,Saathiya,Love Shagun,Kunal Ganjawala,Rishi Siddharth,Moied Elhaam, ,"Aye khuda shukriya oho Jo toone diya Hai paas mere hey hey Jo hai mera, jo hai mera Jo hai mera Dil pe khushi chaane lagi hai Jannat baaho mein aane lagi hai Aane lagi hai jannat baahon mein Saathiya, saathiya ishq tera Sathiya, sathiya ishq tera Saathiya, saathiya ishq tera Kuchh pal hain yaadon ke Haseen saughat hi sahi Nam ho jaaye aankh gar Nayi shuruaat hi sahi Saathiya ishq tera x (2)"
53,Oh My God,Ishq Forever,"Siddharth Mahadevan, Sarosh Nanavaty",Nadeem Saifi,-, ,"Naughty naughty mundey Hottie hottie kudiyaan Jaise 440 ka volt x (2) Oh my god, oh my god x (2) Mood mein jo aayenge Floor ko hilaayege Chaahe aayein kitne bhi odd Oh my god, oh my god x (2) What a girl, what a smile What a babe, what a style She is so beautiful She can rock the night She has got attitude I wanna hold her tight What a girl, what a smile What a babe, what a style She is so beautiful She can rock the night She has got attitude I wanna hold her tight Thoda thoda flirt hai Thoda thoda craze hai Aur bada lagta hai hot x (2) Oh my god, oh my god x (2)"
54,Ishq Ki Baarish,Ishq Forever,"Javed Ali, Shreya Ghoshal",Nadeem Saifi,Sameer Anjaan, ,"Ishq ki baarish hai yeh Ishq ki barish hai yeh Ishq mein bheegein aa Aaja mere yaar, aaja mere yaar Ishq ke rang mein mausam Ishq ke rang mein mausam Ishq mein beda paar Aaja mere yaar x (4) Mujhey teri baato mein aana nahin Kisi se kabi dil lagaana nahin Pata jis galli ka pata hi na ho Mujhey us galli mein to jaana nahin Ishq mein dhokha laage Ishq mein dhokha laage Ishq se hai inkar Mere sarkaar x (4) Tann hi nahin mera mann bhi geela geela Yeh mausam lagta hai kitna nashila Tu diwaani tujhko hosh na tera Main hun pareshan ab kyaa hoga mera Hone de jo bhi ho Hone de jo bhi ho Kar na fikar bekar Aaja mere yaar x (4) Maine kis mushkil mein jaan phansaai Mere peechhe meri museebat aayi Aisa dilkash mauka na ayega Haath malega baad mein pachhtayega Pyaar mohabbat se na Pyaar mohabbat se na Mera koyi darkar Mere sarkaar x (4) Ishq ki baarish hai yeh Ishq ki baarish hai yeh Ishq mein bheegein aa Aaja mere yaar x (4)"
55,Meri Ankhon Se Nikle Ansoo,Ishq Forever,"Rahat Fateh Ali Khan, Shreya Ghoshal",Nadeem Saifi,Rahat Fateh Ali Khan, ,"Meri ankhon se, ankhon se nikle ansoo Mera dil, mera dil hua bekabu Meri ankhon se, ankhon se nikle ansoo Mera dil, mera dil hua bekabu Toone jabse nigaah pheri, main marr gaya Main marr gaya, main marr gaya Maine tujhpe hi, tujhpe yaqeen kiya Mera dil, mera dil toone tod diya Arre tu to jafaa ki hadd se ghuzar gaya Ghuzar gaya, ghuzar gaya Jo bhi huva, jaise huva Abhi na tumse chhupaunga Kabhi kahi milo jo tum Tumhein haqeekat bataoonga Jo chot dil pe hai lagi Use na main seh paoongi Yeh haadsa, yeh bebasi Kisi se na keh paoongi Meri duniya mein thi bas tu hi tu Meri ankhon se, ankhon se nikle ansoo Toone jabse nigaah pheri, main marr gaya Main marr gaya, main marr gaya Jo har ghadi yaado mein tha Woh lamha maine bhula diya Woh aks jo aankhon mein tha Maine use bhi mita diya Saanson mein hai teri wafaa Aankhon mein hai teri nami Tere siwa yeh zindagi Jaise koyi banjar zameen Toone mujhko yu tanha chhod diya Mera dil, mera dil toone tod diya Arre tu to jafaa ki hadd se ghuzar gaya Ghuzar gaya, ghuzar gaya Meri ankhon se, ankhon se nikle ansoo Mera dil, mera dil hua bekabu Toone jabse nigaah pheri, main marr gaya Main marr gaya, main marr gaya"
56,Jeete Hain Chal,Neerja,Kavita Seth,Vishal Khurana,Prasoon Joshi, ,"Om triyambakam yajamhe Sugandhem pushtiwardhanam Purvarukamev bandhana Mrityormukshi yamaamrata Kehta yeh pal khudse nikal Jeete hain chal, jeete hain chal Jeete hain chal Gham musafir tha jaane de Dhoop aagan mein aane de Jeete hain chal, jeete hain chal Jeete hain chal Talwon ke neeche hai Thandi si ek dharti Kehti hai aaja daudenge Yaado ke bakson mein Zinda si khushbu hai Kehti hai sab peechche chhodenge Ungliyo se kal ki reit behne de Aaj aur abhi mein khudko rehne de Kehta yeh pal khudse nikal Jeete hain chal, jeete hain chal Jeete hain chal Ek tukda hasin chakh le Ik dalli zindgi rakh le Jeete hain chal, jeete hain chal Jeete hain chal Hichki ruk jaane de Sisski tham jaane de Iss pal ki yeh ghuzarish hai Marna kyun jee lena Boondo ko pee lena Tere hi sapno ki barish hai Paaniyo ko raste tu banaane de Roshni ke peechhe khud ko jaane de Kehta yeh pal khudse nikal Jeete hain chal, jeete hain chal Jeete hain chal Om triyambakam yajamhe Sugandhem pushtiwardhanam Purvarukamev bandhana Mrityormukshi yamaamrata Purvarukamev bandhana Mrityormukshi yamaamrata Kehta yeh pal khudse nikal Jeete hain chal, jeete hain chal Jeete hain chal, jeete hain chal"
57,Khuda Hai Tere Andar,Ghayal Once Again,Arijit Singh,Shankar Ehsaan Loy,Amitabh Bhattacharya, ,Bas ek chingaari se aag lagti hai Woh chingaari to soi hai tere hi sine me Zamaana jaisa hai usse vaisa hi rehne de Bataao na maza hi kya hai aise jine me Bas ek chingaari se aag lagti hai Woh chingaari to soi hai tere hi sine me Karta hai kyun shikayate Pehle sudhaar aadate Ek ek boond se hi ban-ta hai samandar Khud pehla qadam utha Khud apni qasam tu kha Tujhko pata nahin khuda hai tere andar Nakaamiyo ke bahane hazaaro hai Kiska kasur kahein Par zimmedaari hamari bhi ban-ti hai Itna zarur kahein Jo ho raha hai aakhon ke aage hai Nazrein kyun pher len hum Apne iraado se manzar badalne ka Sar pe surur rahe Mere yaara mere yaara sunle Dil ki pukar zara Sachchaaiyan sari nazdik hain tere Jo dhundhe tu milengi woh tujhe aayine me Zamaana jaisa hai usse vaisa hi rehne de Bataao na maza hi kya hai aise jine me Karta hai kyun shikayate Pehle sudhaar aadate Ek ek boond se hi ban-ta hai samandar Khud pehla qadam utha Khud apni qasam tu kha Tujhko pata nahin khuda hai tere andar Tujhko pata nahin khuda hai tere andar x (2)
58,Hairaani,Love Shagun,"Arijit Singh, Sakina Khan",Rishi Siddharth,Siddharth Amit Bhavsar, ,Kuchh raaste manzilon ko chhoo ke Mud jaate hain Kuchh naatey judte judte hi Toot jaate hain Hairaani hoti hai Aankhein jo roti hain Is shehar mein humsafar hai jhootha Dil jigar bhi khudse kyon hai rootha Mere pyaar ke mehal ka Har ik kaanch toota Sachcha tera khuda to kya Pyaar mera jhootha Kyun mitate mit-te nahin hain yeh pal Kyun aaj mein qaid hai mera kal Hairani hoti hai Aankhein jo roti hain Hairaani hoti hai Aankhein jo roti hain Hairaani oo..
59,Expectation,Ishq Forever,Neeti Mohan,Nadeem Saifi,Sameer Anjaan, ,"Expectation kitni hai re Kya batayein, kya sunaayein Jee mein to aata hai Ki chhod de padhayi re Kitni maze ki hogi Freedom ki ladayi re History chemistry kabhi Samajh na aayi re Yolo yolo, yolo yolo Yolo yolo, yolo, yolo yolo Yeah! c’mon You only live once You only live once Anything you wanna do it Do it right now Wanna feel happiness Do it right now Wanna get freedom Do it right now Don’t worry what they say Just do it right now Daddy ka nishana hai 100 percent lana hai Mummy ki tamanna hai Doctor hi banana hai yeah! Yeh frustration kaisi hai re Kya batayein, kya sunaayein Wo jee mein to aata hai Ki chhod de padhayi re Kitni maze ki hogi Freedom ki ladayi re History chemistry kabhi Samajh na aayi re.. yeah You only live once x (2) Mil ke saare friends sabhi Love disco mein jayein hum Jo apni desire hai yeah Poori karke aayein hum Yeh temptation kabse hai re Kya batayein, kya sunaayein Wo jee mein to aata hai Ki chhod de padhayi re Kitni maze ki hogi Freedom ki ladayi re History chemistry kabhi Samajh na aayi re"
60,Mera Kissa,Direct Ishq,Swati Sharrma,Vivek Kar,A. M. Turaz, ,Baantne lage kyun mujhey Dil ki mansha poochhti kya hai Mujhme duniya dhoondhti kya hai Aisi hoon na waisi hoon Main bhi sala tum jaisi hoon Phir kyun mujhko baant’ti hai Main hakk maangun to daant’ti hai Bass itna hai mera kissa Baant ke rakh tu mera hissa x (2) Tumko sala pata nahin hai Ladki hona khata nahin hai Jitna jag pe hakk tera Utna hi mera hakk hai Phir bhi sala jaane kyun Tujhko mujhpe hi shaq hai kyun Bass itna hai mera kissa Baant ke rakh tu mera hissa x (2) Hum na hote to kya hota Tanha baithe ghutt ghutt rota Kaun dil ki marammat karta Kaun tujhse muhabbat karta Sabke dil mein baste hain hum Phir bhi sala saste hain hum Bass itna hai mera kissa Baant ke rakh tu mera hissa x (2)
61,Ranga Re,Fitoor,"Sunidhi Chauhan, Amit Trivedi",Amit Trivedi,Swanand Kirkire, ,"Bheegi bheegi hain chaahtein Bheeni bheeni hai raat Main rang banke pighlee hu tere sath Ranga re oh dil, ranga re tere rang Ranga re teri rooh me main ghull gayi Teri gehri saason mein kho gaye ehsass Main rang banke behti hu tere hath Ranga re oh dil, ranga re tere rang Ranga re teri rooh me main ghull gayi Tujhe nasibon se main chura lu Tujhe apni saason mein mai jagah du Teri rag-rag mein aaj behke Main mere fun ko jila du, main jila lu Hoke teri jhulfo se uttre raat Rok lun yeh lamha Ke tere hothon se chhoo ke aaj Chhoo lu aag Main ranga re Ho haan main ranga re Tere rang ranga re Tere jism mein main ghul gaya"
62,Tere Liye,Fitoor,"Sunidhi Chauhan, Jubin Nautiyal",Amit Trivedi,Swanand Kirkire, ,"Maine poochha yeh dil se Main kyun hun jahaan mein Ek dhadkan boli tere liye Maine yaaden tarashee Aur khaab bana di Nai duniya basa di tere liye Tere liye, tere liye x (2) Jo main kehta hun, jo sunta hun Jo sehta hun tere liye Main girtha hun, sambhalta hun Fir chalta hun tere liye Koyi dard hun gehra Koyi aks hun bisra Main kyaa hun bata de tere liye Yaadon ka chehra, koyi khaab sunehara Main kyaa hun bata de tere liye Tere liye, tere liye x (2) Main khoya sa ek lamha hun Bas is pal hun tere liye Main awara baadal hun Bas is pal hun tere liye Mere har marz ki tu dawa hai Huyi hai kabool woh dua hai Yeh ulfat hai ya koyi nasha hai Jisey chhoona chaahe woh dhuan hai Tere liye, tere liye x (2) Jo main kehta hun, jo sunta hun Jo sehta hun tere liye Main girtha hun, sambhalta hun Fir chalta hun tere liye"
63,Hone Do Batiyaan,Fitoor,"Nandini Srikar, Zeb Bangash",Amit Trivedi,Swanand Kirkire, ,"Hone do batiyaan, hone do batiyan Kone mein dil ke pyar pada hai Tanha tanha dilo ki dil se Hone do batiyaan, hone do baatein Hone do batiyan, hone do baatein Hone do batiyaan, Hone do batiyan Seene mein chhup ke dhadke dil Tanha tanha dilo ki dil se Hone do batiyaan, hone do baatein Hone do batiyan, hone do baatein Raat ke darr pe kab se khadi hain Bhini bhini subah Kholo jharoke fiza hai benur Sang chale hain, sang pale hain Dhoop chhaiyan donon Suno baato se banti hai baatein bolo Hone do batiyaan, hone do batiyan Kone mein dil ke pyar pada hai Tanha tanha dilo ki dil se Hone do batiyaan, hone do baatein Hone do batiyan, hone do baatein Haan main bhi hu maati Tu bhi hai maati Tera mera kyaa hai Kyu hain khade hum khudse itni door Saason mein teri, saason mein meri Ek hi to hawa hai Mar jayenge hum yun na humko chodo Hone do batiyaan, hone do batiyan Kone mein dil ke pyar pada hai Tanha tanha dilo ki dil se Hone do batiyaan, hone do baatein Hone do batiyan, hone do baatein x (2)"
64,Chitta Kukkad,Loveshuda,"Neha Kakkar, Gippy Grewal",-,-, ,"Chitta kukkad banere te Chitta kukkad banere te Kashni dupatte valiye Munda sadke tere te Kashni dupatte valiye Munda sadke tere te Chitta kukkad banere te  Dhol te jad dulhan hilandi hip zara Dhol te jad dulhan hilandi hip zara Dulha kehnda hat jo, ennu ghar hun lai javaan Baang dende kukkad, te memaan kehndi vaah Baang dende kukkad, te memaan kehndi vaah Dulha kehnda hat jo, ennu ghar hun lai javaan Dhol te jad dulhan hilandi hip zara Baang dende kukkad, te memaan kehndi vaah Chitta kukkad banere te te Chitta kukkad banere te Ho dulhan inni chamke jiven taare paayein jhappiyan Nikke nikke munde vi tenu de ke jaayein pappiyan Like oh my god she’s so pretty Is kukkad di murgi chitti Kukkad nu flying kiss ditti Auntiyan sab kehndi aww Dulha kehnda hat jo, ennu ghar hun lai javaan Dhol te jad dulhan hilandi hip zara Baang dende kukkad, te memaan kehndi vaah Dulha kehnda hat jo, ennu ghar hun lai javaan Chitta kukkad banere te Kashni dupatte valiye Munda sadke tere te Tere te, tere te Ho jad ae song vajega Har kukkad nachega Har murgi jachegi, karegi show stop ni Dulha cake katega Par share ni karega Vanilla flavour dulhan With cherry on the top ni Lovely couple ne sab de dilan ton Sharm kad di ve Rap karde ne uncle te auntiyan di booty matakdi ve Sab ton vadiya wedding, sab ton sohni jodi, maan lo Kha lo, pee lo, nach lo, jodi nu bas ghar jaan do Chitta kukkad floor te, nachda, tapda, gaunda gaana Sohni dulhan chuk ke, munde ne honeymoon te jaana Chitta kukkad floor te, ennu tussi delay na karaana Sohni dulhan naal hun, munde ne honeymoon manaana Wedding chal rahi savere se Ho na handle ab mere se Rasamon se total pak gaya Aa kar lein rasam ab andhere mein, andhere mein"
65,Total Talli,Loveshhuda,"Parichay, Teesha Nigam",Parichay,-, ,"Party rahe jaari Hona hai total drunk Kar lo sab taiyyari Daaru ka laya truck Koi bhi brand kare dilbar demand Aaj botal mein boond na bache (Aaj botal mein boond na bache) Main total talli Main total talli ho gaya Ho gaya, ho gaya haan x (4) Ho gaya, ho gaya haan Ho milegi na din mein Kabhi bhi yeh raatein Nashe mein tu kar le Hai dil mein jo baatein Bouncer se keh de hamein wo na toke Chalaaye subah tak yeh music na ruke Chaahe daaru ho, par apna hai plan Aaj botal mein boond na bache Aaj botal mein boond na bache Aaj botal mein boond na bache Main total talli Main total talli ho gaya Ho gaya, ho gaya haan x (4) Aaj botal mein boond na bache Main total talli ho gaya Ho gaya, ho gaya Aaj botal mein boond na bache Main total talli ho gaya Ho gaya, ho gaya haan"
66,Pashmeena,Fitoor,Amit Trivedi,Amit Trivedi,Swanand Kirkire, ,Pashmina dhaago ke sang Koyi aaj bunne khwab aise kaise Vaadi me goonje kahin Naye saaz yeh ravaab aise kaise Pashmina dhaago ke sang Kaliyo ne badle abhi yeh mizaaj Ehsass aise kaise Palko ne khole abhi naye raaz Jazbat aise kaise Pashmina dhaago ke sang Koyi aaj bunne khwab aise kaise Kaccchi hawa kachcha dhuan ghul raha Kachcha sa dil lamhe naye chun raha Kachchi si dhoop kachchi dagar fisal rahi Koyi khada chupke se keh raha Main saya banoon tere peechhe chaloon Chalta rahoon.. Pashmina dhaago ke sang Koyi aaj bunne khwab aise kaise
67,Bewajah,Sanam Teri Kasam,Himesh Reshammiya,Himesh Reshammiya,Sameer Anjaan, ,Yaado ki qaid me giraftar ho gaya dil Darbadar ishq me taar-taar ho gaya dil Yaado ki qaid me giraftar ho gaya dil Darbadar ishq me taar-taar ho gaya dil Bewajah nahi milna tere mera Rehnuma rehnuma rehnuma Bewajah nahi milna tere mera Rehnuma rehnuma rehnuma Yaado ki qaid me giraftar ho gaya dil Darbadar ishq me taar-taar ho gaya dil Bewajah nahi milna tere mera Rehnuma rehnuma rehnuma Bewajah nahi milna tere mera Rehnuma rehnuma rehnuma Kisi aur ko tu chahe Kisi aur ko tu soche Iss dil ko nahi ye gawaara hai Furqatt ka sharara hai Kaisa angaara hai Teri tishangi ne mujhe mara hai Bewajah nahi milna tere mera Rehnuma rehnuma rehnuma Bewajah nahi milna tere mera Rehnuma rehnuma rehnuma Rahe sath adoorapan Chahe main jahan bhi rahu Kahin sabra na mujhe aata hai Meri berang dunia me Mere saath tera hona Mujhe rahat kyon de jaata hai Bewajah nahi milna tere mera Rehnuma rehnuma rehnuma Bewajah nahi milna tere mera Rehnuma rehnuma rehnuma Yaado ki qaid me giraftar ho gaya dil Darbadar ishq me taar-taar ho gaya dil Yaado ki qaid me giraftar ho gaya dil Darbadar ishq me taar-taar ho gaya dil Bewajah nahi milna tere mera Rehnuma rehnuma rehnuma Bewajah nahi milna tere mera Rehnuma rehnuma rehnuma
68,Kheech Meri Photo,Sanam Teri Kasam,"Neeti Mohan, Akasa Singh, Darshan Raval",Himesh Reshammiya,Sameer Anjaan, ,Mood ashiqana hai Subah ghar jana hai Toone kaisa jaadoo hai kia Lamha ye suhaana hai Time nai ganwana hai Jeene ka maza le saathiya Tu kheech meri photo Tu kheech meri photo Tu kheech meri photo pia x (4) Khaabon ka town hai Raat bhi brown hai Kyaa hua kucch nahi Do hi drink down hai Nashe me hum nahi hain Ye samaa nashila hai Paani bhi peete hain To laghta hai tequila hai Mood ashiqana hai Subah ghar jana hai Toone kaisa jaadoo hai kia Lamha ye suhaana hai Time nai ganwana hai Jeene ka maza le saathiya Tu kheech meri photo Tu kheech meri photo Tu kheech meri photo pia x (4)
69,Haal-e-Dil,Sanam Teri Kasam,Sreerama Chandra / Neeti Mohan,Himesh Reshammiya,Sameer Anjaan, ,"Haal-e-dil mera poochho na sanam x (2) Aapke ishq ki madhosi mein Duba hai yeh aalam Haal-e-dil mera poochho na sanam x (2) Jab shaam aaye tum yaad aaye Toofan laye yaadon mein tum Bebaak si hai har ek tamanna Ghustakhion mein ab dil hai gumm Khwaabo ke kafile, baato ke silsiley Sath mere chale Raat din har ghadi sarghosi mein Khoya hai yea aalam Haal-e-dil mera poochho na sanam x (2) Jaane kahan se tum paas aaye Hue paraye mujhse sabhi Jeene lagi hai har saans meri Ab door jana na tum kabhi Tham gaya hai sama Pal bhi hai khushnuma Main akela yahan Aapke pyas ki khamoshi se Bhiga hai yea aalam Ho haal-e-dil mera poochho na sanam Haal-e-dil mera poochho na sanam"
70,Tera Chehra,Sanam Teri Kasam,Arijit Singh,Himesh Reshammiya,Shabbir Ahmed, ,Meri bechainiyo ko chain mill jaye Tera chehra jab nazar aaye Tera chehra jab nazar aaye Mere diwanepan ko sabra mill jaaye Tera chehra jab nazar aaye Tera chehra jab nazar aaye Zikra tumhara jab-jab hota hai Dekho na aakhon se Bhiga bhiga pyar beh jata hai Meri tanhaiyo ko noor mil jaye Tera chehra jab nazar aaye Tera chehra jab nazar aaye Main raat din yeh dua karoon Tere liye main jiyoon maroon Chaaro pehar tujhe dekha karoon Mera jahan yeh tujhpe fana karoon Zikra tumhara jab-jab hota hai Dekho na hotho pe tera ehsas reh jata hai Mere har raste ko manzil mill jaye Tera chehra jab nazar aaye Tera chehra jab nazar aaye Berang hawayein mujhe na jane De gayi sada kyun abhi abhi Hai sarfaroshi yeh ashiqui bhi Jayegi jaan meri ismein kabhi Zikra tumhara jab-jab hota hai Dekho har lamha teri dastan Keh jata hai Meri har ik tadap ko sukun mil jaye Tera chehra jab nazar aaye Tera chehra jab nazar aaye
71,Main Teri Yaadon Mein,Sanam Teri Kasam,Arijit Singh,Himesh Reshammiya,Subrat Sinha, ,"Main teri yaadon mein khoya Main teri yaadon mein uljha x (2) Teri yaado ka hai sama Tere bin main, main na raha x (2) Sham-o-sehar kaise lagte zehar jaise Tere bageir aise Socha nahi kaise hu dar-badar jaise Hogi bassar aise Khamoshiyan hai khata meri Tanhaian hai saza meri Samjha rahi hai yeh duriyan Teri meri nazdikiyan Haan teri yaado ke gham hain Hai teri yaado ki khushiyan x (2) Tere bin jeena kya mera Tere bin main, main na raha x (2) Sabko khabar hai yeh meri sehar hai tu Kyaa bekhabar hai tu Itni zara si to haan hai tujhe kehni Keh de nazar se tu Kya itni hain majbooriyan Kyun itni na manzooriyan Ek mukhtsar si baat hai Phir zindagi bhar ka sath hai Main teri yaado mein jaga Main teri yaado mein soya x (2) Tere bin jeena kya mera Tere bin main, main na raha x (2)"
72,Yeh Fitoor Mera,Fitoor,Arijit Singh,Amit Trivedi,Swanand Kirkire, ,Zindagi ne ki hain kaisi saazishen Poori huyi dil ki woh farmaaishen Maangi dua ek tujh tak ja pahuchi Parvardighara.. parvardhigara.. Kaisi suni toone meri khamoshi Ho parvardhigara Yeh fitoor mera laya mujhko hai tere karib Yeh fitoor mera rehmat teri Ye fitoor mera maine badla re mera nasib Yeh fitoor mera chahat teri Oh parvardighara.. parvardhigara.. Dheeme dheeme jal rahi thi khwaahishen Dil mein dabi ghutt rahi farmaaishen Ban ke dhuan woh tujh tak ja pahuchi Parvardhigara.. parvardhigara.. Diwanagi ki hadh maine nochi oh parvardhigara Yeh fitoor mera laya mujhko hai tere karib Yeh fitoor mera rehmat teri Ye fitoor mera maine badla re mera nasib Yeh fitoor mera chahat teri Oh parvardighara.. x (2)
73,House Party,Kyaa Kool Hain Hum 3,"Sajid-Wajid, Shalmali Kholgade",Sajid-Wajid,Danish Sabri, ,"First floor se aati hai complain Meri building waale Mujhse tang ho na jaayen x (2) Yaaro friend mere nach rahe hain Meri padosiyon se jung ho na jaaye kyunki Aaj house party hai x (11) Party party party hai Chalo bottle shottle kholo Daru se munh ko dho lo Aakhon se kaam chala lo Hothon se kuchh na bolo Itna na pee ki chadh jaaye sar pe Phir tu kahegi mujhe chhod aao ghar pe Masti karo ji kis baat ka darr hai Rent pe nahin mera khud ka ghar hai Ghar ki diwarein saari kaanp rahi hain Kyun ki baju waali item Ghar mein jhaank rahi hai Dim dim light hai Romantic night hai x (2) Sabki nighahein baby teri meri side hain Mujhe kyaa pata, meri kyaa khata Mujhe kyaa khabar kyaa wrong, kyaa right hai Afsana likh raha hoon dil-e-bekarar ka Aaj karni hai party kyunki din hai etwar ka To karle, to karle, to karle, to karle kyunki Aaj house party hai x (8) First floor se aati hai complain Meri building waale Mujhse tang ho na jaayen Yaaro friend mere nach rahe hain Meri padosiyon se jung ho na jaaye kyunki Aaj house party hai x (4) Party party party hai Aaj house party hai x (7)"
74,Chhote Chhote Tamashe,Sanam Re,Shaan,Jeet Gannguli,Manoj Muntashir, ,Chhote chhote tamashe Jaise pani batache Hathon se na jaane de Houle houle jharoke Chal kholen khushi ke Thodi hava to aane de Dabe dabe paon zaraa chale aao Ye pal milenge kahan Ye zindagi hai aur kya Ek chutkula hans de zaraa Khafa khafa kyon hai tu Chhote chhote tamashe Jaise pani batache Hathon se na jaane de Houle houle jharoke Chal kholen khushi ke Thodi hava to aane de Thodi thodi zora-zori Thodi thodi chori shori kar len Bholi-bhali pyaari pyaari Yaaden saari jholi me aa bhar len x (2) Ye zindagi hai aur kya Ek chutkula hans de zaraa Khafa khafa kyon hai tu Chhote chhote tamashe Jaise pani batache Hathon se na jaane de Houle houle jharoke Chal kholen khushi ke Thodi hava to aane de Khatte meethe amon jaise Pedo se aa lamhe saare toden Resha resha dhaga dhaga Dilon ki ye moti maala joden x (2) Ye zindagi hai aur kya Ek chutkula hans de zaraa Khafa khafa kyon hai tu Chhote chhote tamashe Jaise pani batache Hathon se na jaane de Houle houle jharoke Chal kholen khushi ke Thodi hava to aane de
75,Tere Liye,Sanam Re,Ankit Tiwari,Mithoon,Mithoon, ,"Tere liye khud ko badal dein Tere liye kuchh bhi kar dein Vaada hai yeh tujhse mera Ab sadaa ke liye Tere liye saasein le rahe Tere liye har din jee rahe Tu hai mera, main hun tera Ab sadaa ke liye Khud pe koyi haq raha na hamara Tere liye hum hain jiye Phir ab na hoga yeh ishq dubara Tere liye hum hain jiye Tu hai mera, main hun tera sahara Tere liye hum hain jiye Mar ke bhi de doonga yeh qafaara Tere liye hum hain jiye Ho tere liye hum hain jiye Jism ka nahin tera mera rishta Roohon ka yeh rishta hai Koyi dekhe jab surat meri To dikhe tera chehra hai Tu panah meri, tu saya mera Tu makan mera, main basera tera Tu manzil meri, main musafir tera Tujh pe hi main aake ruka Khud pe koyi haq raha na hamara Tere liye hum hain jiye Phir ab na hoga yeh ishq dubara Tere liye hum hain jiye Tu hai mera, main hun tera sahara Tere liye hum hain jiye Mar ke bhi de doonga yeh qafaara Tere liye hum hain jiye Ik din yeh umra dhal jayegi Zindagi poori ho jayegi Tab bhi tu rehna paas yoon mera Jab dil ki dhadkan tham jayegi Teri baahon mein dum nikle mera sanam Hai bas ab yehi aakhri duaa Khud pe koyi haq raha na hamara Tere liye hum hain jiye Phir ab na hoga yeh ishq dubara Tere liye hum hain jiye Tu hai mera, main hun tera sahara Tere liye hum hain jiye Mar ke bhi de doonga yeh qafaara Tere liye hum hain jiye Ho tere liye hum hain jiye"
76,Humne Pee Rakhi Hai,Sanam Re,"Jaz Dhami, Neha Kakkar",Epic Bhangra,Kumaar, ,"Party poori talli hai, machi khalbali hai Party poori talli hai, machi khalbali hai 100 number se hum nahi darte Hamne setting kar li hai Apni philosophy pe duniya hakki bakki Kyon ki Humne pee rakhi hai Galti honi pakki hai x (3) Humne pee rakhi hai Galti honi, kyon ki Bachpan se apni adatein kharab hai Bolte ghar waale hum to bighde nawab hai Peene ka saman laaye hoke saavdhan hoti Sehat ke liye hanikarak ye sharab hai Party poori talli hai, machi khalbali hai 100 number se hum nahi darte Hamne setting kar li hai Apni philosophy pe duniya hakki bakki Apni philosophy pe duniya hakki bakki Kyon ki Humne pee rakhi hai Galti honi pakki hai Humne pee rakhi hai Galti honi K k kaal kare so aaj kar Aaj kare so ab Raat ho gayi hai pagli Daaru piyegi kab Koi choda na club Tujhe jaante hain sab Jitni mangwa lo daaru Kalli pee jaati hai sab, talli Hoke nache baby qamar hila ke Club mein bhi chashma laga ke Raat rukungi main saheli ke ghar Apne ghar pe yeh bahaana laga ke Tujhe whisky pila dun Tujhe vodka pila dun Tequila pila ke tujhe Nimboo chatwa dun Aaj raat mere naam to kar Kal hote hi tujhe main Nau lakhaa dilva dun Kyon ki Humne pee.. whisky pila dun Galti honi.. vodka pila dun Humne pee.. whisky pila dun Galti honi Duniya galat aur hum saare theek hain Mante nahi kisi ki hum to pakke dhith hain Aye rokna bekar humko Music chaiye yaar Floor todne ke liye Aaj ready apne feet hain Party poori talli hai, machi khalbali hai 100 number se hum nahi darte Hamne setting kar li hai Apni philosophy pe duniya hakki bakki Apni philosophy pe duniya hakki bakki Kyon ki Humne pee rakhi hai Galti honi pakki hai x (3) Humne pee rakhi hai Galti honi"
77,Tum Bin,Sanam Re,Shreya Ghoshal,Jeet Ganguly,Rashmi Virag, ,"Kuchh pal to tehar jaao na Ya phir laut ke aao na Yoon kehte nahin alvida Mud jaao idhar aao na Tumhein dhoondhein meri aakhein Tumhein khojein meri baahein Tum bin jiya jaaye kaise Kaise jiya jaaye tumm bin x (2) Kitne the vaade kiye Ek pal mein tod diye Jhootha nahin tu mujhko pataa hai Bas thoda rootha sa hai Tu roothe, main manaoon Par tum bin kahan jaoon Tum bin jiya jaaye kaise Kaise jiya jaaye tumm bin x (2) Yeh aasman aur zameen Bin tere kuchh bhi nahin Saason se mohlat zara maang lena Yoon utth ke jaate nahin Ya phir tu mujhe le chal Sang apne jidhar tu chala Tum bin jiya jaaye kaise Kaise jiya jaaye tum bin x (2)"
78,Kya Tujhe Ab Yeh Dil Bataye,Sanam Re,Falak Shabir,Amaal Mallik,Manoj Muntashir, ,"Kya tujhe ab yeh dil bataye Tujhpe kitna mujhe pyar aaye Aansuon se likh doon main tujhko Koyi mere bin padh hi na paaye Yoon rahoon chup kuchh bhi na boloon Barson lambi neendein so loon Jin aankhon mein tu rehta hai Sadiyon tak woh aankhein na kholoon Mere andar khud ko bhar de Mujhko mujhse khaali kar de x (2) Jis shaam tu na mile Woh shaam dhalti nahi Aadat si tu ban gayi hai Aadat badalti nahin Kya tujhe ab yeh dil bataaye Tere bina kyun saansein na aaye Aansuon se likh doon main tujhko Koyi mere bin padh hi na paaye Mere andar khud ko bhar de Mujhko mujhse khaali kar de x (2) Hathon se girne lagi, lagi Har aarzu, har dua, dua Sajde se main utth gaya Jis pal tu mera hua x (2) Kya tujhe ab yeh dil bataaye Kyun teri baahon mein hi chain aaye Aansuon se likh doon main tujhko Koyi mere bin padh hi na paaye Mere andar khud ko bhar de Mujhko mujhse khaali kar de x (2)"
79,Hua Hai Aaj Pehli Baar,Sanam Re,"Armaan Mallik, Palak Muchhal",Amaal Mallik,Manoj Yadav, ,Hua hai aaj pehli baar Jo aise muskuraya hoon Tumhein dekha jaana yeh Ke kyon duniya mein aaya hoon x (2) Yeh jaan lekar ke jaan meri Tumhein jeene main aaya hoon Main tumse ishq karne ki Ijaazat Rab se laya hoon Zameen se aasman tak hum Dhoondh aaye jahan saara Bana paya nahin ab tak Khuda tumse koyi pyara x (2) Baaton mein teri hai badmashiyan Sab bewajah ki hain tareefiyan Main likh doon aasman par yeh Ke padh lega jahan saara Hua na hoga ab koyi Yahan hum do sa dobara Main duniya bhar ki tareefein Tere sajde mein laaya hoon Main tumse ishq karne ki Ijaazat Rab se laya hoon Rab se laya hoon Rab se laya hoon Tu hai jo rubaru mere Bada mehfooz rehta hoon Tere milne ka shukrana Khuda se roz karta hoon x (2) Humko pata hai yeh nadaaniyan haan Aawara dil ki hain aawaraiyan Yeh dil pagal bana baitha Ise ab tu hi samjha de Dikhe tujhmein meri duniya Meri duniya tu ban ja re Hoon khush-kismat jo kismat se Tumhein aise main paaya hoon Main tumse ishq karne ki Ijaazat Rab se laya hoon 
